date,shares_traded,amount_traded,open,high,low,close,fluctuation,transction
105/01/04,"2,707,539","213,592,981",79.2,79.8,78,78.5,-0.2,"1,976"
105/01/05,"7,462,452","575,696,567",78.6,78.9,76.2,76.2,-2.3,"4,704"
105/01/06,"12,806,455","924,194,275",75,75,70.2,72.2,-4,"7,759"
105/01/07,"8,042,471","567,018,339",71,72.3,69,70.3,-1.9,"4,780"
105/01/08,"8,554,617","595,916,707",67.9,71.4,66.5,71,0.7,"5,092"
105/01/11,"3,754,108","264,225,368",69.6,71.8,69,71.1,0.1,"2,315"
105/01/12,"5,262,162","364,962,386",71.8,72.1,68.1,68.2,-2.9,"3,004"
105/01/13,"3,571,594","246,884,942",69.8,69.9,68.4,68.4,0.2,"2,373"
105/01/14,"6,493,243","433,244,019",66.7,67.7,65.3,66.1,-2.3,"3,960"
105/01/15,"5,586,590","377,759,495",67.5,68.7,67,67.4,1.3,"3,525"
105/01/18,"6,416,716","446,304,136",66.6,71.7,66.5,71,3.6,"4,141"
105/01/19,"5,332,197","377,426,484",70.3,72.1,69.5,71.2,0.2,"3,150"
105/01/20,"7,501,652","523,042,929",70,70.6,68.6,70.3,-0.9,"3,747"
105/01/21,"3,975,764","278,136,580",70.9,71,69.1,69.9,-0.4,"2,039"
105/01/22,"4,481,509","313,639,074",70.7,71,69.1,70,0.1,"2,390"
105/01/25,"4,030,150","288,318,060",71.8,72.3,71,71,1,"2,674"
105/01/26,"2,728,938","192,695,856",70.3,71.6,69.9,71.5,0.5,"1,704"
105/01/27,"3,896,504","277,062,529",71.7,72,70.4,71.5,0,"2,118"
105/01/28,"6,319,476","452,044,872",70.5,72.3,70.3,72,0.5,"3,532"
105/01/29,"12,716,940","980,625,231",73.7,79.2,73.7,79.2,7.2,"6,231"
105/01/30,"13,543,407","1,100,285,260",81,82.4,79.9,79.9,0.7,"7,615"
105/02/01,"8,059,735","654,256,535",81,82.3,79.9,81,1.1,"4,647"
105/02/02,"4,939,195","399,236,190",81.5,81.9,80.1,80.5,-0.5,"2,769"
105/02/03,"5,460,344","438,482,378",79.5,81.3,79.4,79.8,-0.7,"2,806"
105/02/15,"3,938,512","316,176,357",79.3,81.3,79,80.6,0.8,"2,532"
105/02/16,"8,758,805","727,327,739",81.3,84.4,81,82.7,2.1,"5,540"
105/02/17,"3,736,908","309,270,614",83.7,83.7,82.1,82.2,-0.5,"2,405"
105/02/18,"4,909,848","409,284,752",83.9,84,82.5,82.5,0.3,"2,908"
105/02/19,"4,776,197","398,223,920",82.9,84,82.6,83.3,0.8,"2,829"
105/02/22,"5,869,035","480,414,039",83.3,83.8,81,81.3,-2,"3,561"
105/02/23,"3,509,724","285,486,581",81.8,82.1,80.9,81.2,-0.1,"2,417"
105/02/24,"3,359,047","269,545,159",80.9,80.9,79.7,80.2,-1,"2,274"
105/02/25,"2,540,265","205,513,301",80.9,81.4,80.5,80.7,0.5,"1,655"
105/02/26,"3,164,476","258,108,632",81.2,82.1,80.4,82.1,1.4,"2,250"
105/03/01,"11,875,608","1,020,191,231",82.8,88.3,82.5,87,4.9,"7,632"
105/03/02,"13,780,011","1,233,602,339",88.9,90.6,88.3,88.8,1.8,"8,258"
105/03/03,"5,128,410","453,030,751",90,90.1,87.1,88.7,-0.1,"3,187"
105/03/04,"3,331,276","295,778,038",89.2,89.5,88.2,88.6,-0.1,"2,128"
105/03/07,"2,875,096","254,104,095",89.7,89.7,87.5,87.6,-1,"2,100"
105/03/08,"3,772,313","330,396,300",87.2,88.8,86.5,88.6,1,"2,491"
105/03/09,"2,851,668","250,123,072",88,88.3,87.1,87.8,-0.8,"1,811"
105/03/10,"2,880,895","253,340,190",87.8,88.4,87.2,87.5,-0.3,"1,871"
105/03/11,"2,709,890","238,779,496",87.8,88.7,87.2,88.5,1,"1,718"
105/03/14,"6,097,927","548,310,673",89.3,91,88.7,90.5,2,"3,709"
105/03/15,"7,060,295","624,127,165",91,91.2,86.7,86.7,-3.8,"4,395"
105/03/16,"3,203,749","282,892,952",87.9,89.2,87.5,88,1.3,"2,195"
105/03/17,"2,888,891","255,233,855",89.4,89.5,87.2,87.5,-0.5,"1,883"
105/03/18,"2,186,855","193,463,762",87.7,88.9,87.5,88.9,1.4,"1,480"
105/03/21,"1,630,181","145,001,428",89.5,89.6,88,88.9,0,"1,091"
105/03/22,"2,890,710","252,849,570",88.5,88.5,86.8,87,-1.9,"1,806"
105/03/23,"5,896,579","500,785,615",86.8,86.9,83.8,84.3,-2.7,"3,420"
105/03/24,"4,970,864","419,587,990",83.9,85.6,82.9,85.5,1.2,"2,809"
105/03/25,"2,734,311","230,734,751",86,86,83.6,83.8,-1.7,"1,681"
105/03/28,"6,527,170","534,709,111",83.9,84.6,80.8,81.1,-2.7,"3,895"
105/03/29,"4,435,776","362,667,030",80.6,84,80.6,81,-0.1,"2,916"
105/03/30,"3,582,811","298,704,027",82.5,84,82.4,84,3,"2,324"
105/03/31,"1,566,269","130,579,627",84.8,84.8,82.7,83,-1,"1,070"
105/04/01,"2,353,768","192,857,112",83.3,83.3,81.3,81.8,-1.2,"1,472"
105/04/06,"3,804,788","309,994,251",81.8,83.2,79.6,83.2,1.4,"2,333"
105/04/07,"3,152,580","260,119,118",83,83.1,81.6,82.8,-0.4,"1,860"
105/04/08,"3,606,408","296,594,069",82.3,83.4,81.5,82.3,-0.5,"2,149"
105/04/11,"3,026,326","244,747,206",81.3,81.3,80.4,80.9,-1.4,"2,020"
105/04/12,"2,351,805","189,283,498",80.9,81.6,80,80.5,-0.4,"1,565"
105/04/13,"1,779,691","144,143,329",81.1,81.4,80.6,81,0.5,"1,261"
105/04/14,"1,747,201","143,499,053",82,82.7,81.6,81.9,0.9,"1,187"
105/04/15,"2,393,207","194,543,803",81.5,81.8,80.7,81.8,-0.1,"1,521"
105/04/18,"5,723,212","453,460,525",80.8,81,78.3,78.5,-3.3,"3,411"
105/04/19,"4,223,820","331,305,478",79.7,80,77.6,77.8,-0.7,"2,850"
105/04/20,"4,457,885","340,510,430",78,79,75,76,-1.8,"2,869"
105/04/21,"3,717,637","282,641,746",76.2,76.6,75.5,75.6,-0.4,"2,208"
105/04/22,"3,429,096","260,398,788",75.3,77.3,74.6,77.3,1.7,"1,987"
105/04/25,"1,513,127","116,232,679",77.3,77.3,76,76.8,-0.5,"1,046"
105/04/26,"877,228","67,728,056",77.7,77.7,76.5,76.5,-0.3,651
105/04/27,"1,484,634","114,806,996",76.3,77.9,76,77.3,0.8,"1,096"
105/04/28,"2,441,036","185,212,772",77.3,77.3,74.6,74.9,-2.4,"1,524"
105/04/29,"2,277,862","168,586,431",74,74.6,73.5,74.4,-0.5,"1,520"
105/05/03,"2,040,401","148,770,430",74.6,74.9,72.3,72.5,-1.9,"1,439"
105/05/04,"1,536,559","112,551,457",72.5,74,72.2,73.1,0.6,"1,062"
105/05/05,"1,162,291","84,842,868",73.2,73.9,72.1,73.5,0.4,875
105/05/06,"1,677,922","124,596,900",73.5,74.8,72.5,74.6,1.1,"1,188"
105/05/09,"2,947,010","224,132,546",74.5,77,74.1,76.1,1.5,"1,871"
105/05/10,"2,207,038","169,242,888",74.6,78.3,74.6,76,-0.1,"1,597"
105/05/11,"2,342,814","179,796,943",76.8,77.9,75.6,76.2,0.2,"1,652"
105/05/12,"1,610,180","122,261,031",76.2,76.7,75.2,75.5,-0.7,"1,063"
105/05/13,"3,733,048","275,291,000",74.8,75,72.3,75,-0.5,"2,364"
105/05/16,"1,523,669","112,788,128",74.3,74.8,73.5,73.5,-1.5,"1,081"
105/05/17,"6,973,647","540,005,947",75,79.6,75,78.5,5,"4,632"
105/05/18,"5,131,873","409,103,154",77.8,80.7,77.6,80,1.5,"3,580"
105/05/19,"2,948,029","233,352,162",80.5,80.9,78.3,78.4,-1.6,"2,160"
105/05/20,"2,037,214","161,399,764",78.4,79.8,78,79.3,0.9,"1,573"
105/05/23,"9,114,556","756,962,412",80.5,85.4,79.8,83.1,3.8,"5,631"
105/05/24,"3,513,468","292,320,140",83.6,84.3,82.5,83.1,0,"2,481"
105/05/25,"4,438,828","370,478,934",84.5,84.6,82.6,82.6,-0.5,"2,842"
105/05/26,"2,659,667","221,902,761",84,84,82.9,83.4,0.8,"1,484"
105/05/27,"1,481,026","124,040,664",83.6,84.1,83.5,83.9,0.5,"1,115"
105/05/30,"1,361,108","113,980,237",84,84.3,83.1,84,0.1,892
105/05/31,"1,918,915","161,044,715",84.4,84.7,83.3,83.7,-0.3,"1,264"
105/06/01,"2,665,734","224,853,556",84,85.2,83.7,84,0.3,"1,749"
105/06/02,"1,830,947","153,362,620",84.3,84.9,82.8,83,-1,"1,277"
105/06/03,"2,455,145","201,954,921",83.5,83.7,81.3,82.2,-0.8,"1,562"
105/06/04,"591,747","48,567,254",82,82.4,81.9,82,-0.2,470
105/06/06,"1,989,025","162,410,225",82,83,81.1,81.2,-0.8,"1,396"
105/06/07,"3,048,214","247,239,639",80.8,81.9,80.6,80.6,-0.6,"1,866"
105/06/08,"2,743,230","225,735,008",81,83,80.9,82,1.4,"1,950"
105/06/13,"2,016,993","162,171,029",82,82,79.8,80.2,-1.8,"1,385"
105/06/14,"1,760,775","141,846,244",79.8,81.8,79.1,81.3,1.1,"1,270"
105/06/15,"1,855,890","149,926,215",81.3,81.5,80.2,80.6,-0.7,"1,286"
105/06/16,"2,555,475","202,368,725",80.2,80.6,78.6,78.6,-2,"1,821"
105/06/17,"2,063,820","164,411,137",79.3,80.4,78.8,80.4,1.8,"1,344"
105/06/20,"1,384,001","111,856,572",80.8,81.4,80.1,81,0.6,832
105/06/21,"1,167,906","94,574,910",81,81.2,80.5,81,0,736
105/06/22,"1,435,648","117,259,308",81,82,80.8,82,1,924
105/06/23,"1,188,731","96,925,615",81.9,81.9,81,81.9,-0.1,966
105/06/24,"3,425,962","272,436,995",81.5,81.8,77.8,78.5,-3.4,"2,207"
105/06/27,"1,654,806","131,829,280",78.2,80.3,78.1,80.3,1.8,"1,138"
105/06/28,"1,370,532","110,423,538",79.6,81.2,79.2,81.1,0.8,936
105/06/29,"3,707,619","308,666,377",82.5,84.1,82,83.1,2,"2,496"
105/06/30,"1,518,110","126,234,087",83.6,83.6,82.7,83,-0.1,980
105/07/01,"1,565,005","130,804,608",83.6,84,83.3,83.5,0.5,899
105/07/04,"1,086,445","90,326,776",83.8,83.8,82.8,82.9,-0.6,671
105/07/05,"2,403,795","201,690,539",83.1,84.5,83.1,83.7,0.8,"1,414"
105/07/06,"2,559,242","210,599,663",83.3,83.3,81.8,82.3,-1.4,"1,475"
105/07/07,"1,500,675","123,797,109",83,83,82.1,82.4,0.1,902
105/07/11,"3,337,714","280,463,720",83.5,85,82.4,84,1.6,"2,182"
105/07/12,"2,247,287","187,443,345",83.9,84,82.9,83.2,-0.8,"1,489"
105/07/13,"1,551,795","128,908,085",83.5,83.8,82.8,83.1,-0.1,941
105/07/14,"3,525,697","297,021,786",83.1,85,83,84.7,1.6,"2,083"
105/07/15,"5,981,901","513,736,385",85.5,86.3,85.2,85.3,0.6,"3,473"
105/07/18,"2,047,365","174,543,225",85.5,86.2,84.7,85.3,0,"1,249"
105/07/19,"3,834,860","330,897,205",86.2,87,85.3,85.9,0.6,"2,542"
105/07/20,"1,779,011","152,110,728",85.9,86.3,85,85.4,-0.5,"1,067"
105/07/21,"3,349,884","288,924,576",86.3,86.8,85.8,86.3,0.9,"1,873"
105/07/22,"8,331,424","735,745,022",87.1,89.2,87.1,88.3,2,"5,055"
105/07/25,"4,857,670","422,008,207",88.7,88.9,85.7,86.3,-2,"3,077"
105/07/26,"3,400,374","293,310,838",86,87.4,85,87.4,1.1,"2,160"
105/07/27,"5,266,479","462,816,406",88.6,88.7,86.8,87.3,-0.1,"3,312"
105/07/28,"7,613,774","650,602,916",87.4,88,83.5,83.7,-3.6,"4,529"
105/07/29,"13,025,597","1,096,025,111",84.3,85.3,82.5,85,1.3,"6,032"
105/08/01,"4,753,254","405,578,208",85,86.2,84.6,85.8,0.8,"2,871"
105/08/02,"4,476,131","388,427,662",85.8,87.3,85.4,87,1.2,"3,069"
105/08/03,"3,094,541","267,720,947",86,87.1,85.8,86.9,-0.1,"1,911"
105/08/04,"6,546,178","578,118,877",87,89.5,87,87.6,0.7,"3,731"
105/08/05,"3,844,522","339,795,232",87.8,88.9,87,88.5,0.9,"2,403"
105/08/08,"4,542,345","405,844,457",89.2,89.7,88.9,89.4,0.9,"2,796"
105/08/09,"7,699,519","697,572,581",90,91.8,89.7,90,0.6,"4,860"
105/08/10,"2,682,933","239,670,837",90.1,90.1,88.8,89.1,-0.9,"1,845"
105/08/11,"4,887,445","427,802,682",89,89,86,87.4,-1.7,"2,747"
105/08/12,"1,731,505","151,307,035",88.3,88.3,86.7,87,-0.4,"1,180"
105/08/15,"1,893,586","166,346,068",87.1,88.4,86.9,88,1,"1,186"
105/08/16,"1,893,919","166,148,114",88.6,88.7,87.1,87.8,-0.2,"1,330"
105/08/17,"2,761,339","242,169,086",87.9,88.2,87.2,87.8,0,"1,842"
105/08/18,"1,380,730","121,774,040",87.8,88.6,87.5,88.3,0.5,"1,007"
105/08/19,"1,311,571","115,285,352",88.6,88.7,87.5,87.5,-0.8,936
105/08/22,"2,446,864","210,698,509",87.3,87.3,85.6,85.8,-1.7,"1,708"
105/08/23,"1,895,539","162,357,059",85.3,86.2,85.3,85.4,-0.4,"1,396"
105/08/24,"1,795,186","153,256,396",85.4,86.2,85.1,85.2,-0.2,"1,367"
105/08/25,"3,070,947","266,911,151",85.8,87.8,85.2,87.5,2.3,"2,140"
105/08/26,"2,962,158","258,437,292",87.9,88,86.5,86.6,-0.9,"1,978"
105/08/29,"1,957,686","169,039,618",86.9,87,85.8,86.2,-0.4,"1,115"
105/08/30,"2,165,224","188,838,088",87,87.8,86.4,87.2,1,"1,446"
105/08/31,"3,276,909","288,654,692",88.3,88.5,87.7,88.3,1.1,"2,053"
105/09/01,"2,118,502","185,705,760",88.3,88.5,87.2,87.6,-0.7,"1,417"
105/09/02,"2,757,504","238,449,485",88.1,88.1,85.3,86.7,-0.9,"1,767"
105/09/05,"1,953,347","170,440,813",87.9,87.9,86.9,87,0.3,"1,176"
105/09/06,"8,307,166","740,992,291",88,89.9,87.8,89.5,2.5,"4,488"
105/09/07,"12,750,274","1,152,395,361",90,91.2,89.8,90.9,1.4,"5,989"
105/09/08,"10,374,888","872,059,254",84.3,84.7,83.5,84,0,"5,729"
105/09/09,"3,754,669","312,779,051",83.1,83.8,82.7,83.6,-0.4,"1,890"
105/09/10,"2,118,603","174,609,027",82.3,82.8,82.2,82.5,-1.1,"1,271"
105/09/12,"2,238,081","184,485,854",82.5,82.9,82,82,-0.5,"1,369"
105/09/13,"2,630,745","216,038,790",83,83.4,81.3,81.6,-0.4,"1,539"
105/09/14,"4,413,431","361,246,242",82.5,82.9,80.8,81.5,-0.1,"2,311"
105/09/19,"9,285,533","788,145,164",84.1,86,83.6,85.4,3.9,"4,814"
105/09/20,"11,093,155","959,275,328",85.5,88.5,85.4,87.4,2,"6,367"
105/09/21,"13,613,764","1,213,809,948",88.2,89.8,87.8,88.9,1.5,"7,028"
105/09/22,"10,946,732","988,687,276",90.7,91.7,89.3,90,1.1,"5,995"
105/09/23,"5,962,406","538,307,422",91,91.1,89.8,90.8,0.8,"4,086"
105/09/26,"8,165,264","741,919,724",90.2,91.5,90,91.5,0.7,"4,448"
105/09/29,"7,542,920","698,187,340",92.5,93.8,91.5,92.2,0.7,"4,641"
105/09/30,"8,202,536","764,009,014",92.2,94,92,93.3,1.1,"4,862"
105/10/03,"5,122,337","476,190,143",93.9,94.3,92,93.1,-0.2,"2,614"
105/10/04,"3,424,482","317,734,362",93.2,93.4,92.3,92.5,-0.6,"1,840"
105/10/05,"3,898,530","363,353,209",92.9,94.3,92.5,93,0.5,"2,595"
105/10/06,"2,901,395","267,903,609",93.1,93.5,91.8,92.6,-0.4,"1,777"
105/10/07,"5,648,779","510,842,802",92,92,89.4,89.9,-2.7,"3,472"
105/10/11,"5,235,939","467,383,854",91,91,88.2,89.3,-0.6,"2,942"
105/10/12,"3,355,212","301,257,038",89.4,90.8,88.5,89.9,0.6,"2,103"
105/10/13,"2,197,067","196,088,663",90,90.2,88.7,89.1,-0.8,"1,605"
105/10/14,"5,911,327","516,362,089",89,89,86.6,87,-2.1,"3,302"
105/10/17,"4,315,231","385,384,836",88,90.5,87.5,90.3,3.3,"2,762"
105/10/18,"1,806,631","161,953,653",90.3,90.4,89.2,89.6,-0.7,"1,285"
105/10/19,"2,371,638","213,280,671",90,90.4,89.4,89.8,0.2,"1,728"
105/10/20,"2,236,923","201,170,579",90.1,90.4,89.4,89.9,0.1,"1,525"
105/10/21,"2,007,077","180,221,796",89.9,90.4,89.4,89.9,0,"1,519"
105/10/24,"4,112,661","375,711,930",90.2,92,89.9,91.6,1.7,"2,882"
105/10/25,"6,366,191","591,100,451",92,93.5,91.6,92.9,1.3,"3,951"
105/10/26,"7,005,695","653,698,079",92.5,94.2,91.6,93.6,0.7,"4,872"
105/10/27,"3,814,325","354,205,050",93.3,94.3,92.2,92.4,-1.2,"2,956"
105/10/28,"6,858,875","620,877,627",90.9,91.2,90,90,-2.4,"4,209"
105/10/31,"2,671,867","239,879,095",90,90.7,89.3,89.9,-0.1,"2,245"
105/11/01,"4,449,146","399,616,518",89.5,90.9,88.4,90.7,0.8,"3,074"
105/11/02,"4,443,585","395,893,830",89.7,90.7,88.3,88.3,-2.4,"3,260"
105/11/03,"3,043,258","265,877,795",88.3,89.1,86.6,87.2,-1.1,"2,162"
105/11/04,"1,741,626","152,393,694",87.1,88.2,86.8,86.8,-0.4,"1,367"
105/11/07,"2,945,235","261,148,249",87.8,89.5,86.8,89.3,2.5,"2,050"
105/11/08,"2,441,588","217,438,032",89.6,89.6,88.5,89.3,0,"1,857"
105/11/09,"6,285,536","547,566,968",89.7,90.7,84.5,84.8,-4.5,"4,016"
105/11/10,"3,403,828","295,414,534",87.2,87.7,86.2,86.6,1.8,"2,347"
105/11/11,"3,274,062","276,699,208",84.6,85.3,83.9,83.9,-2.7,"2,109"
105/11/14,"6,779,230","553,049,719",84,84.1,80.8,81.3,-2.6,"4,457"
105/11/15,"3,573,905","291,285,124",80.8,82.6,79.6,82.4,1.1,"2,654"
105/11/16,"2,496,743","206,441,282",82.8,83.5,82,82.3,-0.1,"1,881"
105/11/17,"3,329,933","272,992,828",82.7,82.9,80.8,82.8,0.5,"2,435"
105/11/18,"1,923,268","159,616,823",82.8,83.5,82.3,83.5,0.7,"1,543"
105/11/21,"3,584,752","301,091,568",83.5,84.8,83.2,84,0.5,"2,813"
105/11/22,"3,580,444","301,528,239",84.2,84.5,83.8,84.5,0.5,"2,404"
105/11/23,"3,220,129","274,670,233",84.6,85.8,84.6,85.5,1,"2,284"
105/11/24,"2,438,662","205,786,478",85.5,85.6,83.4,83.7,-1.8,"1,690"
105/11/25,"2,030,410","170,807,271",83.1,84.8,83.1,84.7,1,"1,511"
105/11/28,"1,996,833","170,306,605",85,85.7,84.7,85.4,0.7,"1,485"
105/11/29,"2,058,698","176,612,876",85.4,86,85.3,85.9,0.5,"1,738"
105/11/30,"1,334,686","113,936,310",85.9,86.1,84.8,85.4,-0.5,"1,068"
105/12/01,"1,083,415","91,999,642",85.1,85.3,84.5,84.5,-0.9,872
105/12/02,"2,372,906","197,542,835",83,83.7,82.8,83.3,-1.2,"1,662"
105/12/05,"2,012,829","165,647,007",82.9,83.1,81.8,83,-0.3,"1,376"
105/12/06,"1,597,928","132,659,508",83.3,83.7,82.5,82.8,-0.2,"1,220"
105/12/07,"1,812,233","150,113,267",83.1,83.5,82.4,82.4,-0.4,"1,472"
105/12/08,"3,695,106","302,983,894",82.4,82.4,81.4,82.4,0,"2,297"
105/12/09,"1,608,261","132,535,848",83.1,83.1,82.1,82.3,-0.1,"1,116"
105/12/12,"1,412,003","116,613,524",82.9,83,82.2,82.5,0.2,"1,062"
105/12/13,"3,266,387","274,824,508",82.5,84.9,82.5,84.3,1.8,"2,390"
105/12/14,"1,788,792","150,983,828",85,85,84,84,-0.3,"1,274"
105/12/15,"1,042,232","87,716,488",83.7,84.5,83.3,84.5,0.5,827
105/12/16,"925,548","77,825,855",84.5,84.7,83.8,83.9,-0.6,794
105/12/19,"844,547","70,365,201",83.9,83.9,82.9,83,-0.9,673
105/12/20,"1,034,361","86,645,912",83.2,84.6,83.1,83.6,0.6,725
105/12/21,"3,593,608","305,640,027",85,85.8,84.3,84.3,0.7,"2,263"
105/12/22,"1,019,376","85,882,833",85,85,83.9,83.9,-0.4,773
105/12/23,"937,424","78,575,346",83.8,84.5,83.4,83.4,-0.5,694
105/12/26,"1,230,475","103,520,821",83.7,85,83.1,84.4,1,778
105/12/27,"608,953","51,343,646",84.6,84.9,84.1,84.1,-0.3,435
105/12/28,"811,110","68,608,246",84.1,84.8,84.1,84.6,0.5,537
105/12/29,"1,666,382","141,780,180",84.6,85.5,84.3,84.8,0.2,"1,030"
105/12/30,"952,363","80,782,329",84.6,85.2,84.6,84.8,0,662
106/01/03,"1,893,129","161,225,065",84.1,85.6,83.8,85.5,0.7,"1,067"
106/01/04,"2,762,313","237,914,666",85.5,86.6,85.2,86,0.5,"1,753"
106/01/05,"1,514,256","130,247,618",85.8,86.5,85.3,86.1,0.1,"1,000"
106/01/06,"2,933,806","254,749,586",86,87.5,85.7,87,0.9,"1,912"
106/01/09,"3,515,056","308,764,563",87,88.5,87,87.8,0.8,"2,130"
106/01/10,"2,430,833","213,958,600",87.8,88.4,87.1,88.3,0.5,"1,384"
106/01/11,"3,492,510","309,989,245",88.3,89.7,87.7,89.1,0.8,"2,325"
106/01/12,"3,082,813","274,724,062",89,89.6,88.6,88.7,-0.4,"1,748"
106/01/13,"1,674,565","148,530,807",88.3,89.1,88.3,88.7,0,"1,090"
106/01/16,"2,294,991","199,956,101",88.5,88.5,86.7,86.7,-2,"1,504"
106/01/17,"1,831,631","160,379,816",87,88.2,86.4,88.2,1.5,"1,119"
106/01/18,"2,055,931","180,411,767",87.7,88.2,87.2,87.6,-0.6,"1,371"
106/01/19,"1,458,834","127,870,927",87,88.1,87,87.6,0,900
106/01/20,"1,173,746","102,970,901",87.5,87.9,87.5,87.7,0.1,728
106/01/23,"7,695,173","695,115,870",88.2,91.3,88.2,90.6,2.9,"4,293"
106/01/24,"8,374,627","745,444,103",89,89.8,88.3,89.7,-0.9,"4,096"
106/02/02,"6,683,092","614,924,930",90.5,93.1,90.5,92,2.3,"4,335"
106/02/03,"4,201,455","388,275,647",92.8,93.9,91.3,91.3,-0.7,"2,982"
106/02/06,"1,950,967","179,252,797",91.8,92.5,91.5,91.5,0.2,"1,563"
106/02/07,"3,554,354","321,649,012",91.5,91.8,90.1,90.5,-1,"2,642"
106/02/08,"2,542,482","231,281,162",90.7,91.7,90.2,91.6,1.1,"1,925"
106/02/09,"2,362,221","216,003,335",91.5,92.3,90.9,91,-0.6,"1,714"
106/02/10,"6,215,150","575,073,634",91.8,93,91.3,92,1,"3,985"
106/02/13,"6,816,177","642,448,560",92.2,96,91.6,94.9,2.9,"4,391"
106/02/14,"10,730,083","1,044,585,051",95.5,99.8,94.7,98,3.1,"6,665"
106/02/15,"5,878,438","574,465,648",98,98.9,96.5,96.5,-1.5,"3,873"
106/02/16,"3,296,886","314,653,132",96.7,96.9,94.8,95.1,-1.4,"2,143"
106/02/17,"3,008,163","284,169,422",95.1,95.1,94.2,94.2,-0.9,"1,995"
106/02/18,"2,388,758","226,680,810",94.2,95.8,93.6,95.5,1.3,"1,556"
106/02/20,"2,897,335","272,128,845",95.8,95.8,92.8,92.8,-2.7,"1,805"
106/02/21,"1,659,574","155,121,282",93.2,94,92.5,93.4,0.6,"1,198"
106/02/22,"2,383,683","224,119,832",94.9,94.9,93.5,93.5,0.1,"1,711"
106/02/23,"3,332,065","316,295,710",93.5,95.7,93,94.2,0.7,"2,418"
106/02/24,"2,465,842","233,529,797",94.3,95.1,93.7,94.5,0.3,"1,732"
106/03/01,"3,322,799","307,803,593",94.5,94.5,91.5,92.8,-1.7,"2,426"
106/03/02,"3,428,042","315,958,432",93.8,93.8,91.5,92.1,-0.7,"2,282"
106/03/03,"3,443,037","319,758,477",91.9,93.8,91.5,92.9,0.8,"2,142"
106/03/06,"1,781,163","164,880,523",93,93.2,92.2,92.4,-0.5,"1,295"
106/03/07,"4,867,385","460,774,131",93.1,95.5,93,95.4,3,"3,379"
106/03/08,"5,069,874","488,457,004",95.5,98,94.5,96.2,0.8,"3,254"
106/03/09,"3,934,321","373,098,095",95.9,96.2,94.2,95,-1.2,"2,965"
106/03/10,"2,688,773","251,558,962",94.3,94.5,93,94,-1,"2,009"
106/03/13,"2,140,880","201,882,621",94.4,95.1,93.7,93.8,-0.2,"1,574"
106/03/14,"1,874,065","178,451,909",94.1,96.2,94.1,95,1.2,"1,380"
106/03/15,"1,894,207","178,739,045",95,95,94,94.1,-0.9,"1,513"
106/03/16,"7,657,230","737,182,517",95,97.3,94.5,95.7,1.6,"4,752"
106/03/17,"3,501,019","337,557,287",95.6,97.2,94.9,96.9,1.2,"2,592"
106/03/20,"16,232,050","1,644,130,300",96.5,104,96.5,103.5,6.6,"8,754"
106/03/21,"5,102,174","526,702,748",103.5,104.5,102,102.5,-1,"3,179"
106/03/22,"7,517,978","760,264,092",100,104,99.3,103,0.5,"4,183"
106/03/23,"7,790,045","813,578,110",103,107.5,101.5,105,2,"4,664"
106/03/24,"4,762,562","500,179,886",106,107,103.5,103.5,-1.5,"2,943"
106/03/27,"2,761,841","284,169,282",103.5,104.5,102,102,-1.5,"1,558"
106/03/28,"6,809,623","679,060,961",103,103.5,97.8,99.5,-2.5,"3,438"
106/03/29,"5,001,644","511,521,188",101,103.5,100.5,102,2.5,"3,302"
106/03/30,"2,177,523","223,783,064",103,104,102,102,0,"1,546"
106/03/31,"10,482,075","1,113,739,875",103,108,103,105.5,3.5,"5,457"
106/04/05,"6,769,583","722,978,715",108,109.5,104.5,105,-0.5,"3,648"
106/04/06,"4,729,562","489,826,886",105,106.5,102,103,-2,"2,625"
106/04/07,"6,654,653","673,544,358",103,104,99.9,101.5,-1.5,"3,297"
106/04/10,"3,149,134","315,547,351",100.5,101.5,99.6,100.5,-1,"2,013"
106/04/11,"2,766,674","275,407,977",101,101.5,99,99,-1.5,"1,796"
106/04/12,"5,727,961","580,949,021",101,102.5,100,102,3,"3,534"
106/04/13,"6,639,850","695,834,900",104,106,103,104,2,"3,742"
106/04/14,"4,407,784","447,320,400",104,104,100,100,-4,"2,424"
106/04/17,"5,031,092","503,935,800",102.5,103.5,98.3,100,0,"2,871"
106/04/18,"3,673,597","374,758,075",101.5,103,101,101.5,1.5,"1,993"
106/04/19,"5,688,811","581,420,911",100.5,104,100.5,101,-0.5,"2,928"
106/04/20,"4,813,022","481,819,380",101.5,101.5,99.5,99.5,-1.5,"2,601"
106/04/21,"3,583,456","358,351,907",100.5,101.5,99.5,99.6,0.1,"2,349"
106/04/24,"4,144,138","419,044,276",101,102.5,99.8,102.5,2.9,"2,357"
106/04/25,"7,044,794","732,177,576",102.5,105,102,104.5,2,"4,414"
106/04/26,"10,712,625","1,147,443,009",105.5,109,104.5,107,2.5,"5,450"
106/04/27,"4,491,016","477,564,196",106.5,107.5,105,106.5,-0.5,"2,891"
106/04/28,"24,319,452","2,767,144,320",105.5,117,105,112,5.5,"11,176"
106/05/02,"12,216,029","1,408,629,335",114,117.5,113,115.5,3.5,"6,547"
106/05/03,"5,814,284","666,137,592",115,116,113.5,113.5,-2,"3,312"
106/05/04,"6,199,135","719,311,161",114,117.5,114,117,3.5,"3,464"
106/05/05,"5,109,865","583,364,745",115,116,113,113,-4,"2,904"
106/05/08,"3,128,409","357,157,407",114,115,112.5,115,2,"1,912"
106/05/09,"6,927,757","799,762,390",115.5,118.5,113,113.5,-1.5,"3,877"
106/05/10,"3,043,409","348,395,035",114,116,112.5,115.5,2,"1,779"
106/05/11,"2,727,887","311,738,661",116,116,113,114,-1.5,"1,462"
106/05/12,"2,757,801","314,231,013",114,115,113,113,-1,"1,463"
106/05/15,"2,478,398","284,094,550",113.5,115.5,113.5,115,2,"1,382"
106/05/16,"6,394,584","744,692,160",115.5,119,114.5,115,0,"3,487"
106/05/17,"2,592,101","296,109,951",115,116,113.5,113.5,-1.5,"1,620"
106/05/18,"5,016,186","559,944,704",110.5,114,109.5,114,0.5,"2,218"
106/05/19,"1,455,365","164,989,555",115,115,112.5,112.5,-1.5,"1,088"
106/05/22,"2,400,831","273,447,903",113.5,115,112.5,113,0.5,"1,396"
106/05/23,"1,851,861","210,002,793",113.5,115,112.5,112.5,-0.5,"1,196"
106/05/24,"1,261,156","142,594,541",113.5,113.5,112.5,113,0.5,914
106/05/25,"2,073,281","233,690,472",113,113.5,112,113,0,"1,289"
106/05/26,"4,367,562","488,437,641",113.5,113.5,111,111.5,-1.5,"2,245"
106/05/31,"5,635,183","606,377,974",112,112.5,106,106.5,-5,"3,281"
106/06/01,"3,828,477","408,072,761",106.5,108,105.5,107.5,1,"2,391"
106/06/02,"1,937,009","209,806,972",108.5,109.5,107.5,108.5,1,"1,347"
106/06/03,"1,452,270","159,164,970",108.5,111,108,111,2.5,993
106/06/05,"3,343,080","373,608,880",112,113.5,111,111.5,0.5,"2,380"
106/06/06,"1,899,171","210,305,310",111.5,111.5,110,110.5,-1,"1,245"
106/06/07,"1,823,476","201,162,884",111,111.5,109.5,109.5,-1,"1,408"
106/06/08,"6,279,088","712,936,966",110,115,110,114,4.5,"3,992"
106/06/09,"3,090,548","353,258,472",114,115,113,114.5,0.5,"2,192"
106/06/12,"2,828,259","317,858,633",113,113.5,111,112.5,-2,"1,659"
106/06/13,"1,639,827","183,099,700",111.5,112.5,111,112,-0.5,"1,217"
106/06/14,"7,200,495","800,677,955",113,115,108,109,-3,"2,983"
106/06/15,"1,704,890","186,179,900",109,110,108,110,1,"1,147"
106/06/16,"1,527,014","169,013,554",110,111.5,109,111,1,"1,096"
106/06/19,"2,834,699","321,137,823",111.5,115,110.5,114,3,"1,701"
106/06/20,"3,230,894","371,019,022",115,116.5,113,113,-1,"2,091"
106/06/21,"5,279,562","607,093,326",114,116.5,113,114.5,1.5,"3,253"
106/06/22,"7,898,322","929,680,318",116,119.5,115,119.5,5,"4,442"
106/06/23,"4,164,886","489,694,276",118,119,116.5,116.5,-3,"2,455"
106/06/26,"3,685,420","429,321,416",117,118,115,117,0.5,"2,147"
106/06/27,"1,746,617","202,694,572",117,117.5,115,116,-1,"1,042"
106/06/28,"5,081,674","576,319,162",114.5,115.5,112,112.5,-3.5,"3,251"
106/06/29,"4,722,842","527,493,962",113.5,114,110,111,-1.5,"3,137"
106/06/30,"2,841,714","320,339,242",110,114.5,109.5,114.5,3.5,"1,693"
106/07/03,"1,850,206","209,811,872",114,114.5,112.5,113,-1.5,"1,441"
106/07/04,"1,938,299","218,264,629",113,113.5,111.5,113,0,"1,361"
106/07/05,"1,812,723","203,479,476",113.5,113.5,111.5,112,-1,"1,128"
106/07/06,"2,274,609","257,125,817",112.5,114,112,113,1,"1,281"
106/07/07,"6,183,193","708,285,205",113.5,116.5,112.5,112.5,-0.5,"3,387"
106/07/10,"1,392,894","157,164,522",112.5,113.5,112,113.5,1,926
106/07/11,"3,079,945","354,358,175",114,116,113.5,115.5,2,"1,932"
106/07/12,"4,506,645","528,582,965",115.5,118.5,115,117.5,2,"2,649"
106/07/13,"2,568,666","301,890,422",118.5,119,116.5,117,-0.5,"1,635"
106/07/14,"2,065,783","241,740,894",117,118.5,115.5,118.5,1.5,"1,283"
106/07/17,"4,340,558","501,482,429",118.5,118.5,114,115.5,-3,"2,535"
106/07/18,"2,034,016","235,855,335",115,117,114.5,116,0.5,"1,145"
106/07/19,"2,462,695","286,888,261",116,118,115,115.5,-0.5,"1,742"
106/07/20,"3,253,894","380,575,132",116.5,118,116,117,1.5,"2,108"
106/07/21,"6,511,992","775,954,532",117,120.5,116,119,2,"3,928"
106/07/24,"4,975,705","604,032,805",119,122.5,118.5,121.5,2.5,"3,025"
106/07/25,"4,376,032","533,687,404",122,123.5,120.5,122,0.5,"2,671"
106/07/26,"7,220,801","899,328,324",123,126,123,124,2,"3,914"
106/07/27,"10,728,692","1,381,141,554",125,130,125,130,6,"6,295"
106/07/28,"20,409,939","2,686,750,135",131,134.5,127,129,-1,"9,631"
106/07/31,"18,927,563","2,591,354,820",132,141.5,131.5,141,12,"9,124"
106/08/01,"10,322,384","1,443,443,623",143,144.5,136,138.5,-2.5,"6,701"
106/08/02,"11,426,811","1,621,268,973",142,143.5,139,143,4.5,"6,399"
106/08/03,"12,077,966","1,602,281,004",133,135,131,131,0,"7,312"
106/08/04,"5,722,660","747,929,426",131,133,128,132.5,1.5,"3,553"
106/08/07,"3,872,515","513,527,980",134,134,131.5,132,-0.5,"2,402"
106/08/08,"8,113,614","1,088,749,048",135,136.5,132,132,0,"4,722"
106/08/09,"4,511,991","589,304,304",132.5,133,128.5,130.5,-1.5,"2,650"
106/08/10,"6,951,719","889,027,313",132.5,132.5,124.5,127,-3.5,"3,928"
106/08/11,"4,637,186","598,515,680",125,131.5,125,130.5,3.5,"2,725"
106/08/14,"4,385,260","567,475,520",131,132.5,127,127,-3.5,"2,588"
106/08/15,"5,539,018","724,749,376",130,132,129.5,132,5,"3,468"
106/08/16,"6,100,182","809,740,842",133.5,135,130.5,130.5,-1.5,"3,624"
106/08/17,"3,070,782","405,805,224",131.5,133.5,131,132,1.5,"2,002"
106/08/18,"2,588,200","338,478,291",130.5,132,130,131,-1,"1,700"
106/08/21,"6,251,475","832,322,364",131,135.5,130,134.5,3.5,"3,393"
106/08/22,"5,031,853","676,154,966",135.5,136,133,133,-1.5,"2,910"
106/08/23,"6,536,842","882,202,897",135,136.5,133.5,133.5,0.5,"3,819"
106/08/24,"9,170,319","1,258,896,335",134,139.5,134,138,4.5,"5,315"
106/08/25,"5,246,593","732,036,604",140,141.5,138.5,138.5,0.5,"3,180"
106/08/28,"3,028,398","419,172,924",139.5,140,137,138.5,0,"1,800"
106/08/29,"2,825,222","386,537,692",138.5,138.5,136,136,-2.5,"1,946"
106/08/30,"2,840,523","388,541,128",137,138.5,136,136,0,"2,159"
106/08/31,"4,789,450","642,963,800",137,137.5,132.5,133.5,-2.5,"2,621"
106/09/01,"4,021,265","537,480,127",134,135,132,134.5,1,"2,747"
106/09/04,"9,150,120","1,200,741,100",133,133,129.5,130,-4.5,"4,596"
106/09/05,"5,248,378","690,771,577",131.5,133,130,132.5,2.5,"3,065"
106/09/06,"6,181,697","808,476,610",132,134,128.5,130,-2.5,"3,349"
106/09/07,"8,801,380","1,116,763,880",131.5,131.5,124.5,125.5,-4.5,"5,879"
106/09/08,"6,007,466","764,818,614",127,129.5,125.5,129,3.5,"3,508"
106/09/11,"4,161,612","533,253,224",129,130.5,125.5,127,-2,"2,548"
106/09/12,"2,857,696","363,790,392",129,129,126,126.5,-0.5,"1,763"
106/09/13,"6,945,870","854,983,564",127,127.5,119,122.5,-4,"3,937"
106/09/14,"4,568,948","560,078,070",123,124,120,123.5,1,"2,752"
106/09/15,"3,785,028","462,745,416",123.5,123.5,120.5,122.5,-1,"1,981"
106/09/18,"3,848,392","478,901,500",124,126,122.5,125,2.5,"2,289"
106/09/19,"3,670,845","453,760,350",124.5,125,122,123.5,-1.5,"2,633"
106/09/20,"8,248,614","973,655,261",122.5,123,115.5,116,-7.5,"5,604"
106/09/21,"8,596,687","1,016,030,379",117,120,116,117,1,"5,059"
106/09/22,"4,666,607","539,299,825",117.5,118.5,113.5,114,-3,"3,011"
106/09/25,"8,826,541","972,113,428",114.5,114.5,108,108,-6,"4,799"
106/09/26,"12,682,052","1,433,114,772",109,115.5,109,112,4,"6,782"
106/09/27,"11,427,611","1,332,880,987",115,118.5,113.5,117,5,"6,286"
106/09/28,"4,467,909","520,607,944",117.5,118,115,116,-1,"2,964"
106/09/29,"3,435,069","398,670,443",116,117.5,114.5,116,0,"1,846"
106/09/30,"2,523,445","299,570,641",116.5,119.5,116.5,119.5,3.5,"1,675"
106/10/02,"3,065,585","368,183,866",120,121,119,119.5,0,"1,989"
106/10/03,"6,709,592","802,531,134",120.5,122,117.5,118.5,-1,"2,384"
106/10/05,"5,701,225","686,643,725",118,122.5,117,121.5,3,"3,519"
106/10/06,"7,407,456","891,773,412",123,123.5,117.5,120.5,-1,"4,599"
106/10/11,"3,760,965","453,314,765",121.5,122,119,121,0.5,"2,459"
106/10/12,"3,181,179","384,382,534",121.5,122,119.5,120.5,-0.5,"2,013"
106/10/13,"3,798,288","460,770,670",120.5,123,120,120.5,0,"2,426"
106/10/16,"4,781,042","581,820,059",122,123,120,121.5,1,"3,512"
106/10/17,"2,685,925","325,764,000",122.5,123,120.5,120.5,-1,"1,932"
106/10/18,"6,064,128","715,750,387",121.5,122,116,116.5,-4,"4,158"
106/10/19,"4,158,288","490,514,984",116.5,119.5,116,118,1.5,"2,711"
106/10/20,"4,115,839","475,495,485",117,117.5,114,115,-3,"2,791"
106/10/23,"2,928,440","340,035,740",116,117,115,117,2,"2,055"
106/10/24,"8,153,890","987,000,080",117,123.5,116.5,122,5,"4,704"
106/10/25,"4,596,593","567,249,346",123.5,125,122,122.5,0.5,"2,882"
106/10/26,"10,879,140","1,372,037,913",124,128.5,123,128.5,6,"6,323"
106/10/27,"26,022,015","3,070,243,740",119,121,116,116,-12.5,"14,761"
106/10/30,"11,862,539","1,353,890,157",118,118.5,110,112.5,-3.5,"6,970"
106/10/31,"9,676,268","1,104,090,929",112.5,116.5,110.5,115.5,3,"5,638"
106/11/01,"7,202,056","823,439,884",114.5,116.5,113,114,-1.5,"3,843"
106/11/02,"8,531,774","1,005,918,058",118,120,117,117,3,"4,845"
106/11/03,"6,649,359","792,192,874",118,120,117.5,119.5,2.5,"4,208"
106/11/06,"5,204,762","629,317,297",121,122,120,120.5,1,"3,518"
106/11/07,"3,940,108","470,690,782",120.5,121,118.5,119,-1.5,"2,326"
106/11/08,"5,957,167","721,914,263",119,123,119,122,3,"3,468"
106/11/09,"4,411,274","529,084,106",123,123,117.5,119,-3,"2,723"
106/11/10,"2,552,157","303,615,092",120,121,118,118.5,-0.5,"1,470"
106/11/13,"4,563,219","533,455,774",118,119,115.5,115.5,-3,"2,281"
106/11/14,"2,314,252","270,218,099",116,118,115.5,118,2.5,"1,404"
106/11/15,"2,511,722","293,080,103",117,118,115.5,116.5,-1.5,"1,837"
106/11/16,"6,151,586","735,194,011",116,121.5,115.5,120,3.5,"3,540"
106/11/17,"3,424,295","409,033,445",119.5,121,118.5,119,-1,"2,308"
106/11/20,"2,962,685","352,500,330",119,120,117.5,118.5,-0.5,"2,131"
106/11/21,"2,504,242","300,196,398",119,120.5,118.5,120,1.5,"1,549"
106/11/22,"16,979,352","2,136,489,648",124,128,123.5,124,4,"8,790"
106/11/23,"13,680,554","1,751,118,145",126.5,129.5,126,129,5,"7,264"
106/11/24,"5,280,698","674,249,764",129,130.5,126.5,126.5,-2.5,"3,057"
106/11/27,"4,036,881","512,803,125",127.5,129,125,125,-1.5,"2,313"
106/11/28,"3,287,696","410,767,444",125.5,127,123.5,124,-1,"2,060"
106/11/29,"4,054,702","511,593,080",125.5,128,124,126,2,"2,312"
106/11/30,"5,278,315","643,249,572",123,124,120,123,-3,"3,091"
106/12/01,"14,842,476","1,713,247,240",123,123,111.5,115,-8,"8,133"
106/12/04,"13,496,107","1,470,255,163",113,113,107,109,-6,"7,665"
106/12/05,"13,364,056","1,501,209,216",113,115,110,110.5,1.5,"7,181"
106/12/06,"7,269,667","788,063,369",111,112,106,106.5,-4,"4,613"
106/12/07,"5,714,957","613,840,399",107,109.5,106,106.5,0,"3,168"
106/12/08,"2,731,119","295,040,524",108.5,109,106.5,109,2.5,"1,691"
106/12/11,"4,903,247","552,250,013",112,114,109.5,113.5,4.5,"3,370"
106/12/12,"2,850,018","319,796,516",113.5,114,111.5,112,-1.5,"1,881"
106/12/13,"5,573,427","613,972,470",112,113,108,109,-3,"3,753"
106/12/14,"3,019,741","334,241,751",110,111.5,109.5,111,2,"2,088"
106/12/15,"1,909,760","210,039,860",111,111.5,109,111,0,"1,276"
106/12/18,"2,793,132","308,766,020",112.5,113,109,109,-2,"1,828"
106/12/19,"2,650,275","290,724,475",110,111,109,109,0,"2,013"
106/12/20,"9,236,107","1,049,115,698",110,115.5,110,114.5,5.5,"5,896"
106/12/21,"4,211,975","473,470,725",114.5,114.5,110.5,111,-3.5,"2,690"
106/12/22,"3,317,517","375,865,652",114,115,112,112.5,1.5,"2,166"
106/12/25,"2,567,820","284,721,100",112.5,113,110,110.5,-2,"1,680"
106/12/26,"13,341,179","1,385,931,937",109,110,100.5,102,-8.5,"8,219"
106/12/27,"4,231,646","438,305,989",101.5,105,101.5,104.5,2.5,"2,782"
106/12/28,"5,340,983","567,681,683",105,107.5,103.5,106.5,2,"3,093"
106/12/29,"1,661,171","177,510,703",107.5,108,105.5,106.5,0,"1,131"
107/01/02,"5,639,797","616,481,467",107,111,105.5,111,4.5,"3,229"
107/01/03,"4,569,507","498,865,492",112,112,108,108.5,-2.5,"2,743"
107/01/04,"3,042,210","330,561,774",109.5,110,107.5,107.5,-1,"1,914"
107/01/05,"3,072,874","330,458,392",109,109,106.5,107.5,0,"2,048"
107/01/08,"5,044,022","543,460,920",107.5,110.5,105.5,110,2.5,"2,866"
107/01/09,"6,055,140","652,680,401",111.5,111.5,106,106,-4,"3,381"
107/01/10,"4,809,057","505,429,941",106,107.5,103.5,104,-2,"3,055"
107/01/11,"4,481,138","475,420,766",104.5,107.5,104,107.5,3.5,"2,295"
107/01/12,"2,592,924","280,221,292",107,109.5,106.5,108,0.5,"1,609"
107/01/15,"4,972,346","549,689,877",109.5,112.5,108.5,110,2,"2,833"
107/01/16,"3,430,228","379,202,682",110,111.5,109,111,1,"2,169"
107/01/17,"2,081,383","230,446,130",111.5,111.5,110,110.5,-0.5,"1,358"
107/01/18,"3,338,992","372,679,120",111.5,112.5,110.5,110.5,0,"2,008"
107/01/19,"1,935,201","212,543,997",111,111,109,109.5,-1,"1,166"
107/01/22,"4,410,989","493,644,257",109.5,113.5,109.5,113,3.5,"2,718"
107/01/23,"5,179,673","588,444,549",113,115,111.5,113,0,"2,892"
107/01/24,"7,944,110","918,423,687",113.5,117,113,115.5,2.5,"4,140"
107/01/25,"4,099,957","477,004,523",116.5,118,115,116,0.5,"2,304"
107/01/26,"3,607,891","422,202,787",116.5,118,116,117,1,"2,099"
107/01/29,"7,897,234","944,102,580",118,121,117.5,120.5,3.5,"4,276"
107/01/30,"9,187,471","1,066,674,665",119,119.5,113,115.5,-5,"4,752"
107/01/31,"13,067,300","1,460,007,400",111,113.5,110,111,-4.5,"6,760"
107/02/01,"4,375,308","492,101,641",112,114,111.5,111.5,0.5,"2,645"
107/02/02,"4,784,215","545,343,725",113,115,112.5,115,3.5,"3,215"
107/02/05,"3,713,926","415,656,094",110.5,113.5,110,113.5,-1.5,"2,391"
107/02/06,"8,027,000","865,998,500",110.5,111.5,103.5,106,-7.5,"4,721"
107/02/07,"4,267,584","470,415,740",110,112,108,108.5,2.5,"2,580"
107/02/08,"2,720,993","297,329,244",110,110.5,108,109,0.5,"1,586"
107/02/09,"5,180,997","559,253,660",105,111.5,103.5,110.5,1.5,"2,908"
107/02/12,"3,701,751","402,831,465",111.5,111.5,108,108,-2.5,"2,205"
107/02/21,"2,942,964","325,696,504",110.5,112,108.5,111.5,3.5,"2,090"
107/02/22,"2,373,354","265,313,148",111,113,110,112.5,1,"1,638"
107/02/23,"5,499,587","630,421,108",113.5,116.5,113,113.5,1,"3,414"
107/02/26,"2,127,808","241,920,804",115.5,115.5,112.5,113,-0.5,"1,430"
107/02/27,"2,684,711","303,242,632",114.5,115,112,112,-1,"1,672"
107/03/01,"3,001,212","341,537,880",111,115,110.5,115,3,"1,913"
107/03/02,"2,086,877","237,131,528",113.5,114.5,112.5,113.5,-1.5,"1,328"
107/03/05,"2,272,952","256,284,654",114,114.5,111.5,111.5,-2,"1,224"
107/03/06,"1,387,513","156,006,456",113.5,113.5,112,112.5,1,968
107/03/07,"4,397,561","482,826,649",110,111,108.5,109,-3.5,"2,641"
107/03/08,"3,255,480","356,014,320",108.5,110.5,108,109,0,"2,039"
107/03/09,"1,822,571","200,841,810",110,111,109.5,110.5,1.5,"1,119"
107/03/12,"2,884,212","323,888,632",111.5,113,111,111.5,1,"1,481"
107/03/13,"3,283,512","364,568,332",110.5,112,110,111,-0.5,"1,942"
107/03/14,"2,003,672","220,827,920",110,111,109.5,110,-1,"1,384"
107/03/15,"1,513,135","167,277,205",110.5,111.5,110,110.5,0.5,873
107/03/16,"2,214,824","243,126,540",110.5,111.5,109,109,-1.5,"1,326"
107/03/19,"1,443,840","158,401,950",109.5,110.5,109,109.5,0.5,"1,097"
107/03/20,"1,359,481","147,818,429",108.5,109.5,108.5,109,-0.5,925
107/03/21,"2,419,849","264,430,041",109.5,110,109,109,0,"1,848"
107/03/22,"3,279,574","361,194,340",109.5,111.5,108.5,109.5,0.5,"2,215"
107/03/23,"6,341,489","669,824,581",105.5,107.5,104,104.5,-5,"3,922"
107/03/26,"5,835,392","599,848,268",103.5,104,102,103.5,-1,"3,442"
107/03/27,"3,951,486","410,462,769",105.5,106,102.5,103.5,0,"2,777"
107/03/28,"7,102,037","715,899,737",103,103,99.8,100,-3.5,"4,986"
107/03/29,"4,190,009","417,411,509",101,102,98.5,99.9,-0.1,"3,105"
107/03/30,"4,394,250","439,052,300",100.5,101.5,99,100,0.1,"2,865"
107/03/31,"2,050,915","203,934,610",100,100.5,98.9,99.2,-0.8,"1,545"
107/04/02,"3,391,194","334,927,434",99.8,100,98,98,-1.2,"2,419"
107/04/03,"8,802,943","832,561,272",96,96.6,93.5,94,-4,"5,662"
107/04/09,"5,688,062","543,630,352",95.7,97.2,94.9,95.6,1.6,"3,815"
107/04/10,"4,722,647","450,613,365",97,97.3,94.3,94.5,-1.1,"3,520"
107/04/11,"4,444,079","425,519,617",95.5,97,94.8,95.8,1.3,"2,964"
107/04/12,"5,606,792","547,722,912",96.9,99.3,96.1,99.2,3.4,"3,854"
107/04/13,"4,973,357","486,645,937",99.5,99.8,97,97.2,-2,"3,388"
107/04/16,"2,594,943","252,441,019",97.8,98.2,96.8,97.3,0.1,"1,940"
107/04/17,"2,423,581","236,801,768",98,98.2,97,97.9,0.6,"1,757"
107/04/18,"2,420,460","237,578,280",98.4,99.3,97.4,97.6,-0.3,"1,824"
107/04/19,"1,468,073","144,139,986",97.6,98.7,97.5,98.4,0.8,"1,085"
107/04/20,"2,159,157","211,975,586",98.3,98.9,97.6,97.9,-0.5,"1,551"
107/04/23,"4,721,519","449,339,886",97.9,98.8,93.4,93.5,-4.4,"3,012"
107/04/24,"8,344,182","738,907,851",93.3,93.3,86.4,88.1,-5.4,"5,311"
107/04/25,"4,355,806","378,208,757",85.7,88.5,84.2,88.2,0.1,"2,961"
107/04/26,"5,591,161","484,464,538",90,90,84.5,84.6,-3.6,"3,679"
107/04/27,"12,275,553","962,630,549",76.3,80,76.3,79.4,-5.2,"7,607"
107/04/30,"9,852,931","768,422,149",80.1,80.1,77.1,78.1,-1.3,"6,343"
107/05/02,"5,380,407","429,016,760",78.8,80.6,78.7,79.5,1.4,"3,805"
107/05/03,"2,556,074","202,106,385",78.3,79.8,78.2,78.8,-0.7,"1,701"
107/05/04,"3,313,677","264,511,294",79,80.3,78.9,80,1.2,"2,295"
107/05/07,"6,169,938","505,895,816",82.2,83.3,80.5,83,3,"3,750"
107/05/08,"6,284,862","539,408,202",83.7,87.6,83.7,86,3,"4,059"
107/05/09,"3,600,568","307,748,730",86.5,86.5,84.6,85,-1,"2,473"
107/05/10,"2,196,443","188,992,245",85.2,86.7,85.2,85.6,0.6,"1,543"
107/05/11,"2,306,521","199,231,949",86,87,86,86.1,0.5,"1,612"
107/05/14,"2,147,597","184,561,242",86.3,86.9,85.2,85.6,-0.5,"1,334"
107/05/15,"1,883,538","161,990,068",86,86.5,85.6,85.7,0.1,"1,192"
107/05/16,"2,583,861","218,014,424",85.5,86.2,83,83,-2.7,"1,775"
107/05/17,"2,652,139","225,730,933",83.5,85.8,83.5,85.2,2.2,"1,774"
107/05/18,"1,359,978","116,375,308",85.2,86.1,84.8,85.6,0.4,932
107/05/21,"3,697,729","325,941,409",86.5,89.2,85.9,88.2,2.6,"2,564"
107/05/22,"2,237,845","197,477,003",89.2,89.8,87.4,88.3,0.1,"1,613"
107/05/23,"1,336,290","116,929,471",88.3,88.3,87.1,87.4,-0.9,977
107/05/24,"1,131,367","99,286,896",87.6,88.2,87.4,87.8,0.4,779
107/05/25,"1,579,761","137,709,874",87.5,87.7,86.6,86.9,-0.9,"1,059"
107/05/28,"2,487,576","218,405,924",86.9,88.6,86.9,87.7,0.8,"1,469"
107/05/29,"2,423,753","210,377,953",87.7,88,86.3,86.3,-1.4,"1,528"
107/05/30,"2,534,863","219,739,681",86.3,87.3,86,86.6,0.3,"1,482"
107/05/31,"2,247,550","195,105,950",87,87.3,86.3,86.8,0.2,"1,208"
107/06/01,"2,650,293","232,479,634",87,88.4,86.4,87.8,1,"1,692"
107/06/04,"3,785,922","339,204,718",88.5,90.5,88.3,90.5,2.7,"2,335"
107/06/05,"2,503,274","226,841,723",91.5,91.8,89.5,89.6,-0.9,"1,657"
107/06/06,"2,335,103","211,098,073",90.4,91,89.7,91,1.4,"1,556"
107/06/07,"3,332,344","306,346,767",91.5,92.6,90.9,92.1,1.1,"2,026"
107/06/08,"2,190,745","200,604,935",92.3,92.8,91,91,-1.1,"1,332"
107/06/11,"1,392,992","126,815,656",91.3,92,90.2,91.7,0.7,856
107/06/12,"4,325,704","406,384,156",93.5,94.8,93.1,93.6,1.9,"2,467"
107/06/13,"3,756,015","355,164,012",93.4,95.7,92.6,95.2,1.6,"2,324"
107/06/14,"3,918,924","374,885,480",95.2,96.8,94.2,95,-0.2,"2,465"
107/06/15,"6,374,752","620,943,430",97,98.4,96.5,97.4,2.4,"3,708"
107/06/19,"2,762,830","264,713,650",97.2,97.3,95,95,-2.4,"1,963"
107/06/20,"3,227,861","301,319,778",94.5,95.1,92.2,92.6,-2.4,"2,078"
107/06/21,"1,600,298","150,780,010",93,94.8,93,94.7,2.1,"1,160"
107/06/22,"2,138,434","200,334,317",93.5,94.7,93.1,93.2,-1.5,"1,357"
107/06/25,"2,120,806","196,635,430",93.6,94,92.1,92.3,-0.9,"1,205"
107/06/26,"2,817,868","256,133,521",91.1,91.6,90.1,90.9,-1.4,"1,626"
107/06/27,"3,850,640","363,445,974",91.6,95.7,91.6,94.7,3.8,"2,663"
107/06/28,"1,952,226","182,363,918",93.3,94.3,92.8,93,-1.7,"1,278"
107/06/29,"1,791,708","169,440,052",94.4,95.5,93.6,94,1,"1,155"
107/07/02,"1,724,675","164,130,414",94.7,96.5,94,94,0,"1,340"
107/07/03,"1,618,909","151,943,576",94.5,95.2,92.5,93.1,-0.9,"1,050"
107/07/04,"1,677,491","157,220,633",93.3,94.8,92.3,94.8,1.7,"1,208"
107/07/05,"1,789,911","168,891,367",95.4,95.8,93,93.2,-1.6,"1,278"
107/07/06,"2,848,470","263,507,700",94.2,94.5,91.4,93.5,0.3,"1,678"
107/07/09,"2,106,434","199,368,630",94.6,95.1,94.2,95,1.5,"1,254"
107/07/10,"1,804,423","172,382,373",96,96.2,94.7,95.4,0.4,"1,366"
107/07/11,"1,421,782","135,382,377",94.5,96,94.2,95,-0.4,"1,071"
107/07/12,"6,269,483","613,096,034",96.2,98.7,95.8,97.9,2.9,"4,107"
107/07/13,"8,835,535","884,389,950",98.4,101,98.4,100.5,2.6,"5,087"
107/07/16,"12,079,838","1,254,300,652",102.5,105,102,104,3.5,"6,694"
107/07/17,"3,778,588","389,766,564",103.5,104.5,102.5,103,-1,"2,697"
107/07/18,"10,967,177","1,169,284,661",104.5,108,104.5,105.5,2.5,"6,396"
107/07/19,"4,529,656","478,198,536",107,107.5,104,106,0.5,"3,143"
107/07/20,"4,147,232","442,563,963",106.5,108.5,105,105.5,-0.5,"2,809"
107/07/23,"5,334,954","552,481,271",106,106.5,102,102.5,-3,"3,972"
107/07/24,"4,448,878","452,870,488",102,103.5,101,102.5,0,"2,930"
107/07/25,"4,933,869","510,180,007",103,105.5,101.5,103,0.5,"3,210"
107/07/26,"6,320,027","635,660,000",103,103,99.6,99.8,-3.2,"4,053"
107/07/27,"17,610,568","1,781,415,639",98.3,104.5,96.6,104.5,4.7,"10,051"
107/07/30,"8,495,878","899,580,996",105,107,104,107,2.5,"5,348"
107/07/31,"8,258,733","879,535,789",106.5,108,103.5,108,1,"4,843"
107/08/01,"4,029,031","433,949,320",108,108.5,107,108,0,"2,732"
107/08/02,"3,942,867","424,760,136",108.5,109.5,106,108,0,"2,638"
107/08/03,"3,855,644","417,904,359",109,109.5,107,108,0,"2,456"
107/08/06,"10,925,814","1,216,143,738",108.5,113,108.5,111.5,3.5,"6,203"
107/08/07,"5,669,035","629,694,885",111.5,112,110,111.5,0,"3,449"
107/08/08,"6,490,786","682,994,536",106.5,107.5,104,104,0,"3,942"
107/08/09,"2,260,230","235,317,420",105,105.5,103,103.5,-0.5,"1,557"
107/08/10,"1,550,702","160,209,948",104,104.5,102.5,102.5,-1,"1,166"
107/08/13,"4,523,431","462,962,662",102,105.5,99.9,101.5,-1,"3,046"
107/08/14,"2,632,674","269,668,922",103,104,101.5,102.5,1,"1,884"
107/08/15,"4,128,332","415,080,800",103,103,99.6,100,-2.5,"3,108"
107/08/16,"2,798,967","281,140,946",100,102,98,101,1,"2,158"
107/08/17,"3,761,809","379,392,191",102.5,103.5,98.6,98.6,-2.4,"2,592"
107/08/20,"7,031,587","664,015,491",98.5,99.6,91.1,91.3,-7.3,"4,544"
107/08/21,"4,235,899","398,678,586",93.2,95.2,92.2,95,3.7,"2,890"
107/08/22,"1,831,157","172,250,985",95,95.1,93.5,93.5,-1.5,"1,362"
107/08/23,"1,337,319","124,938,922",93.3,94.6,92.8,93,-0.5,919
107/08/24,"2,785,409","251,825,119",93,93,89.2,90.5,-2.5,"2,010"
107/08/27,"2,686,381","249,279,389",91,93.9,91,93.5,3,"2,115"
107/08/28,"2,746,529","260,885,549",94,96,94,95,1.5,"1,919"
107/08/29,"5,375,218","523,923,700",96,98.3,95.8,97.8,2.8,"3,434"
107/08/30,"4,045,044","398,261,856",98,99.5,97.2,99,1.2,"2,981"
107/08/31,"1,827,714","179,551,386",99,99,97.2,99,0,"1,410"
107/09/03,"1,978,302","193,838,194",98,99,97.2,97.2,-1.8,"1,445"
107/09/04,"1,134,851","111,279,933",98,98.7,97.3,97.8,0.6,902
107/09/05,"1,777,935","174,927,895",98.5,99.7,97,97,-0.8,"1,328"
107/09/06,"4,155,220","394,185,580",96.9,98,93.1,93.4,-3.6,"3,204"
107/09/07,"5,215,967","476,768,964",93.1,94,89.6,91.8,-1.6,"3,786"
107/09/10,"5,466,332","489,820,416",92.1,92.8,87.2,87.7,-4.1,"3,171"
107/09/11,"2,505,722","223,455,660",88.3,90.6,87.5,90,2.3,"1,780"
107/09/12,"2,569,637","232,309,745",90.1,91.4,88.5,91.3,1.3,"1,892"
107/09/13,"3,258,144","301,186,379",92.8,93.5,91.2,92.3,1,"2,475"
107/09/14,"1,991,888","185,938,919",93.4,93.8,92.6,93.5,1.2,"1,401"
107/09/17,"1,170,869","108,632,331",92.5,93.9,92,92.7,-0.8,910
107/09/18,"5,449,909","489,809,010",92.5,92.5,88.6,89.5,-3.2,"3,529"
107/09/19,"1,530,303","137,762,970",90,90.7,89.6,89.6,0.1,"1,135"
107/09/20,"9,187,601","780,362,152",90.1,90.5,83,84.5,-5.1,"5,827"
107/09/21,"4,385,790","377,817,106",84.5,88.5,83.2,88.5,4,"3,138"
107/09/25,"1,648,822","144,196,699",86.5,88.4,86.1,87.6,-0.9,"1,350"
107/09/26,"2,745,337","238,928,349",87.7,88.6,86.2,86.5,-1.1,"2,132"
107/09/27,"4,005,029","351,996,311",86.1,89.5,86.1,89.5,3,"2,782"
107/09/28,"3,193,465","279,076,585",88.8,89.3,86.4,86.6,-2.9,"2,257"
107/10/01,"1,014,074","89,067,546",86.9,88.4,86.9,87.9,1.3,761
107/10/02,"1,030,401","90,441,646",88,88.7,87.4,87.4,-0.5,785
107/10/03,"1,008,677","87,462,053",87.4,87.9,86.1,86.2,-1.2,829
107/10/04,"1,010,774","87,367,504",86,87.4,85,86.7,0.5,828
107/10/05,"2,804,315","239,422,377",87,87,83.3,86,-0.7,"1,905"
107/10/08,"1,522,191","131,089,526",85.2,87.3,85,85.9,-0.1,"1,070"
107/10/09,"2,838,979","239,558,013",85.5,86.1,83.3,84.5,-1.4,"1,834"
107/10/11,"6,283,099","481,189,366",76.5,79,76.1,76.1,-8.4,"3,653"
107/10/12,"3,264,524","253,171,938",74.1,79.5,74.1,79,2.9,"2,244"
107/10/15,"2,119,305","169,837,850",78.6,81.5,77.5,81.5,2.5,"1,531"
107/10/16,"1,723,448","141,948,353",80.7,83.1,80.7,81.6,0.1,"1,339"
107/10/17,"1,856,371","152,434,467",83.2,83.8,81.1,81.1,-0.5,"1,423"
107/10/18,"1,005,626","81,977,361",81.1,82.4,80.7,81.9,0.8,807
107/10/19,"3,175,068","254,806,580",80,80.8,79.3,80.5,-1.4,"1,512"
107/10/22,"2,150,741","173,605,349",80.5,81.9,80,80.1,-0.4,"1,458"
107/10/23,"1,182,714","94,635,472",79.3,80.8,79.3,79.6,-0.5,902
107/10/24,"2,141,627","173,259,530",79.9,81.8,79.5,80.6,1,"1,612"
107/10/25,"2,762,147","214,323,430",77,79,77,77,-3.6,"2,026"
107/10/26,"2,823,801","216,288,353",78.2,78.7,75.5,75.5,-1.5,"1,901"
107/10/29,"1,718,063","129,430,688",76.4,76.9,74.1,75,-0.5,"1,181"
107/10/30,"5,498,162","425,756,836",76.7,79.3,76,76,1,"3,791"
107/10/31,"3,769,222","293,691,216",76.9,78.7,76.9,77.7,1.7,"2,679"
107/11/01,"12,750,118","1,069,581,565",79.7,85.4,79.1,85.4,7.7,"6,464"
107/11/02,"7,960,128","678,101,210",85.4,88,83.6,84.2,-1.2,"5,388"
107/11/05,"3,464,083","288,722,172",83,84.6,82.2,82.3,-1.9,"2,096"
107/11/06,"8,034,722","632,475,534",82.9,83.1,77,77.1,-5.2,"5,270"
107/11/07,"3,652,883","289,341,268",78.5,80,78.3,79.3,2.2,"2,400"
107/11/08,"2,415,072","192,150,888",81.7,81.8,78.5,78.6,-0.7,"1,774"
107/11/09,"3,067,619","242,035,701",80.6,80.8,77.1,78.6,0,"2,068"
107/11/12,"3,509,361","277,619,180",78,80.1,77.5,79.5,0.9,"2,322"
107/11/13,"3,234,444","251,090,083",75.3,78.8,75.3,78.4,-1.1,"2,187"
107/11/14,"2,664,200","210,750,654",79,80.7,78.2,78.5,0.1,"1,838"
107/11/15,"4,487,098","358,816,542",79.9,80.6,79.3,79.3,0.8,"3,072"
107/11/16,"3,983,342","321,593,860",80.6,82,79.8,80,0.7,"2,774"
107/11/19,"3,215,726","254,488,683",80.6,80.6,78.5,78.8,-1.2,"2,274"
107/11/20,"1,681,572","131,429,797",78.1,78.9,77.3,78.5,-0.3,"1,191"
107/11/21,"1,511,405","119,016,675",78.3,79.3,77.5,79.1,0.6,"1,106"
107/11/22,"2,280,300","181,958,000",79.4,80.8,79.1,79.1,0,"1,425"
107/11/23,"2,495,179","194,209,934",78.8,79.4,77.1,77.7,-1.4,"1,768"
107/11/26,"1,881,216","146,324,755",77.9,78.9,77.1,77.3,-0.4,"1,215"
107/11/27,"2,636,443","202,875,454",77.9,78,76.5,77.5,0.2,"1,963"
107/11/28,"2,787,744","219,020,840",77.7,79.3,77.7,78.9,1.4,"1,977"
107/11/29,"3,749,268","300,695,181",79.9,81,79.3,79.4,0.5,"2,614"
107/11/30,"3,236,414","261,343,976",79.8,81.5,79.8,80.6,1.2,"1,966"
107/12/03,"10,207,330","874,174,229",82,88.2,81.9,87.8,7.2,"6,142"
107/12/04,"5,230,871","450,746,636",87.6,87.6,85.2,85.6,-2.2,"3,786"
107/12/05,"4,774,656","393,467,319",83,83.9,81.3,82.3,-3.3,"2,978"
107/12/06,"6,108,628","485,007,051",81.3,82.3,78,78.2,-4.1,"4,112"
107/12/07,"1,842,419","146,691,773",78.6,80.4,78.6,79.8,1.6,"1,299"
107/12/10,"4,057,768","311,495,477",77.1,77.5,76.1,77,-2.8,"2,892"
107/12/11,"2,847,148","218,376,907",77,77.2,76.3,76.6,-0.4,"1,758"
107/12/12,"2,131,775","167,943,725",78.5,79.5,78.1,79,2.4,"1,505"
107/12/13,"1,500,957","119,152,785",80,80,78.5,79,0,"1,052"
107/12/14,"1,067,011","83,923,467",79.6,79.6,78.1,78.9,-0.1,849
107/12/17,"2,006,878","156,830,284",78.5,78.9,77.6,77.7,-1.2,"1,205"
107/12/18,"1,220,817","94,195,337",77,78.1,76.5,77.6,-0.1,905
107/12/19,"698,297","54,362,381",78.1,78.3,77.6,77.6,0,571
107/12/20,"1,851,160","141,202,185",77,77.6,75.6,75.6,-2,"1,283"
107/12/21,"2,502,726","187,674,576",75.1,76,74.3,75.7,0.1,"1,764"
107/12/22,"515,671","38,727,767",75.1,75.4,74.7,75.2,-0.5,373
107/12/24,"782,840","59,493,410",76,76.5,75.3,76,0.8,633
107/12/25,"1,193,146","89,403,120",75.1,75.5,74.4,75,-1,815
107/12/26,"1,001,441","75,092,648",75,75.9,74.5,74.5,-0.5,742
107/12/27,"1,463,776","110,820,617",76,76.4,75.1,75.8,1.3,972
107/12/28,"3,266,494","243,846,450",75.8,75.8,74.1,74.5,-1.3,"2,008"
108/01/02,"1,222,259","91,930,521",75.1,75.7,74.7,75.3,0.8,890
108/01/03,"6,914,643","494,378,908",75,75.2,69,70.6,-4.7,"4,473"
108/01/04,"4,999,320","344,955,043",69,70.5,66.9,70,-0.6,"3,237"
108/01/07,"1,916,033","136,664,541",71.7,72.1,70.6,71,1,"1,339"
108/01/08,"3,875,488","267,132,107",70.3,70.5,68.3,68.8,-2.2,"2,866"
108/01/09,"8,917,494","614,720,323",67.4,70.5,66.8,70,1.2,"5,490"
108/01/10,"5,272,010","363,991,083",69.3,69.9,68.3,68.3,-1.7,"3,535"
108/01/11,"2,719,013","186,656,982",68.3,69.2,68.2,68.5,0.2,"1,898"
108/01/14,"2,861,586","199,069,591",69,70.2,68.8,69.6,1.1,"1,939"
108/01/15,"2,735,954","190,859,581",69.4,70.2,69.1,69.8,0.2,"1,842"
108/01/16,"4,454,454","315,003,633",69.8,71.6,69.6,70.4,0.6,"3,118"
108/01/17,"6,341,846","457,844,358",71.2,73.6,70.7,73,2.6,"4,211"
108/01/18,"6,992,746","519,349,642",72,75.9,72,74.8,1.8,"4,257"
108/01/21,"3,193,317","237,479,907",74.9,75.6,73.6,73.9,-0.9,"1,975"
108/01/22,"2,486,450","181,971,480",74,74.5,72.1,72.1,-1.8,"1,772"
108/01/23,"2,617,237","189,798,179",72.6,73.5,71.8,72.4,0.3,"1,758"
108/01/24,"2,141,804","154,639,485",72.5,73.2,71.6,71.8,-0.6,"1,372"
108/01/25,"2,912,500","212,629,794",72,73.6,72,73.2,1.4,"1,833"
108/01/28,"3,418,993","252,563,578",73.4,74.9,73.1,73.5,0.3,"1,952"
108/01/29,"4,045,396","299,722,515",73.4,74.7,72.6,74.5,1,"2,753"
108/01/30,"3,753,149","281,505,611",74.6,75.3,74.3,75.2,0.7,"2,196"
108/02/11,"5,728,695","441,121,058",76,78,75.6,78,2.8,"3,630"
108/02/12,"5,877,558","465,606,305",77.9,80,77.9,79,1,"3,758"
108/02/13,"3,464,164","269,803,734",79.4,79.4,77.3,77.8,-1.2,"2,421"
108/02/14,"7,381,413","588,326,465",77.9,80.3,77.9,80.2,2.4,"4,560"
108/02/15,"27,854,085","2,432,786,072",85.5,88.2,85,88.2,8,"14,100"
108/02/18,"17,991,194","1,613,293,009",89.5,90.4,88.7,90.4,2.2,"10,121"
108/02/19,"5,697,559","510,967,476",89.3,90.5,88.8,90.5,0.1,"3,661"
108/02/20,"11,388,764","1,052,473,635",91,94.6,90.8,91.3,0.8,"7,360"
108/02/21,"4,979,180","456,525,965",92.6,92.8,90.1,92.8,1.5,"3,535"
108/02/22,"2,747,927","253,983,541",92.4,93.3,91.8,92.5,-0.3,"2,002"
108/02/25,"3,248,548","301,020,179",92.7,93.6,91.9,92.6,0.1,"2,070"
108/02/26,"4,769,335","435,778,830",93.2,93.6,90.2,90.6,-2,"3,163"
108/02/27,"5,604,229","500,401,426",90.6,91.1,88.2,89.9,-0.7,"3,486"
108/03/04,"4,180,899","378,625,863",91.2,91.9,89.8,90.2,0.3,"2,703"
108/03/05,"2,191,374","197,123,427",89.8,90.5,89.3,90,-0.2,"1,350"
108/03/06,"2,805,826","253,137,258",90,90.9,89.8,90.1,0.1,"2,104"
108/03/07,"7,051,451","640,526,172",90.8,92.9,88.9,89,-1.1,"4,478"
108/03/08,"4,924,941","431,360,549",86.9,89,86.4,89,0,"3,244"
108/03/11,"3,245,999","291,793,496",89,90.7,88.9,90.2,1.2,"2,040"
108/03/12,"3,211,763","290,902,769",91.7,91.9,89.6,89.6,-0.6,"2,207"
108/03/13,"3,002,943","268,714,285",89.1,90.1,89.1,89.5,-0.1,"1,702"
108/03/14,"2,062,161","185,380,022",89.5,90.4,89.5,89.7,0.2,"1,478"
108/03/15,"3,005,472","272,766,191",90.1,91.7,89.8,90.7,1,"2,027"
108/03/18,"5,072,372","464,376,447",91.7,92.6,91,91.2,0.5,"3,473"
108/03/19,"9,359,611","865,406,092",92,93.9,91.3,91.3,0.1,"5,788"
108/03/20,"4,857,335","439,735,471",91.3,92,90,90.1,-1.2,"3,056"
108/03/21,"2,673,726","243,047,034",90.6,91.7,90.1,90.5,0.4,"1,800"
108/03/22,"5,184,435","475,083,635",92,92.8,90.5,90.7,0.2,"2,916"
108/03/25,"5,556,351","490,888,390",89.5,89.7,87.6,88,-2.7,"3,775"
108/03/26,"2,364,020","210,112,768",88.2,89.3,88.2,88.6,0.6,"1,720"
108/03/27,"4,041,532","364,673,434",89.3,90.9,89.1,90.5,1.9,"2,826"
108/03/28,"2,186,056","197,760,163",90.7,91.4,89.8,89.8,-0.7,"1,535"
108/03/29,"8,876,808","817,250,144",91.6,92.8,90.9,92.8,3,"5,086"
108/04/01,"13,959,666","1,326,265,373",94.8,96.5,93.4,94.3,1.5,"8,629"
108/04/02,"4,933,255","465,542,930",95.3,95.6,93.6,93.8,-0.5,"3,414"
108/04/03,"4,889,371","456,797,386",94,94.6,91.8,93.5,-0.3,"3,456"
108/04/08,"3,934,602","372,263,151",94,95.5,93.6,95.1,1.6,"2,622"
108/04/09,"10,174,178","975,517,032",98.5,98.8,93.9,94,-1.1,"6,848"
108/04/10,"3,116,605","295,028,782",94.1,95.3,93.5,95.2,1.2,"2,180"
108/04/11,"3,890,688","369,079,987",95.3,95.8,93.8,93.8,-1.4,"2,660"
108/04/12,"7,488,416","710,513,377",93.8,96.2,93.8,94.7,0.9,"3,798"
108/04/15,"10,153,136","984,467,982",95.7,98,94.7,97.1,2.4,"6,139"
108/04/16,"15,611,131","1,581,409,258",99.1,103.5,98.8,102,4.9,"8,915"
108/04/17,"8,651,120","888,779,500",103.5,105.5,100,100,-2,"5,457"
108/04/18,"6,485,986","658,617,081",101.5,103.5,100,100.5,0.5,"3,819"
108/04/19,"6,044,213","616,402,439",102.5,103,100.5,103,2.5,"3,484"
108/04/22,"9,305,436","957,495,972",102.5,104.5,100.5,102,-1,"5,469"
108/04/23,"10,942,788","1,073,858,624",102.5,102.5,97,97.5,-4.5,"6,949"
108/04/24,"3,878,702","376,480,908",98,98,96.5,96.7,-0.8,"2,864"
108/04/25,"9,380,504","927,208,528",96.8,100.5,96.1,98.3,1.6,"6,044"
108/04/26,"8,852,803","844,628,515",97.2,97.7,94.8,95,-3.3,"5,757"
108/04/29,"4,405,114","414,470,722",95.2,96.1,93,93.5,-1.5,"2,563"
108/04/30,"10,455,372","981,274,135",90.2,97,90,96.9,3.4,"6,625"
108/05/02,"5,965,606","568,424,285",95.6,96.8,94.7,94.8,-2.1,"3,918"
108/05/03,"4,369,860","420,454,586",95.5,96.9,95,96.5,1.7,"3,019"
108/05/06,"3,743,622","353,403,877",94.5,95,93.5,94,-2.5,"2,289"
108/05/07,"3,016,422","286,423,199",95.3,95.7,94.2,94.6,0.6,"2,032"
108/05/08,"3,866,690","369,211,671",93.6,96.3,93.5,96.3,1.7,"2,361"
108/05/09,"3,684,739","349,802,266",96,96.9,94,94,-2.3,"2,382"
108/05/10,"3,427,326","320,126,844",95,95.4,92.1,92.8,-1.2,"2,439"
108/05/13,"6,920,658","620,110,785",92.2,92.3,87.8,88.6,-4.2,"4,513"
108/05/14,"6,764,484","584,902,243",83.9,88.6,83.8,87,-1.6,"4,361"
108/05/15,"3,973,638","352,523,206",87.9,89.6,87.8,88.8,1.8,"2,960"
108/05/16,"5,386,907","467,912,302",88.2,89.5,85.1,85.2,-3.6,"3,761"
108/05/17,"9,083,274","750,094,830",85.2,86.2,81,81.2,-4,"6,080"
108/05/20,"6,142,725","490,567,600",82,82,79,79.8,-1.4,"4,202"
108/05/21,"4,242,292","337,572,180",79,81.1,78,81,1.2,"3,102"
108/05/22,"3,917,761","315,985,731",80.6,81.9,79.5,79.6,-1.4,"2,490"
108/05/23,"3,423,499","267,067,521",78.1,79,77.4,77.8,-1.8,"2,443"
108/05/24,"3,172,762","250,065,560",78.1,80.3,77.6,77.6,-0.2,"2,281"
108/05/27,"2,576,273","202,594,340",78,79.5,77.6,79.5,1.9,"1,885"
108/05/28,"6,181,632","480,690,454",80,80.1,77,77,-2.5,"4,507"
108/05/29,"4,359,359","332,179,843",76.8,76.9,75.7,76.2,-0.8,"3,409"
108/05/30,"2,944,589","227,701,342",77,77.8,76.7,77.5,1.3,"2,098"
108/05/31,"3,093,895","242,680,305",77.5,79.3,77.3,78.7,1.2,"1,916"
108/06/03,"1,946,600","151,095,919",78.4,78.4,76.8,77.9,-0.8,"1,370"
108/06/04,"2,088,810","162,143,195",78.5,78.5,77.2,77.2,-0.7,"1,607"
108/06/05,"3,711,855","292,751,425",78.3,80,78,79,1.8,"2,422"
108/06/06,"2,520,158","195,602,624",78,78.7,77.1,77.3,-1.7,"1,721"
108/06/10,"2,613,927","204,928,105",77.8,79.1,77.5,79.1,1.8,"1,791"
108/06/11,"7,756,660","633,316,001",79.3,82.9,78.7,82.7,3.6,"5,593"
108/06/12,"4,506,327","370,345,003",83,83.1,81.5,82.4,-0.3,"2,970"
108/06/13,"2,598,642","213,483,112",82.7,82.7,81,82.4,0,"1,854"
108/06/14,"1,644,428","135,513,076",82.9,82.9,82,82,-0.4,"1,078"
108/06/17,"2,552,276","211,532,836",82,83.6,82,82,0,"1,614"
108/06/18,"1,462,799","120,490,732",82.7,83,82,82.2,0.2,904
108/06/19,"9,540,614","812,374,304",85,86.2,84.1,85.9,3.7,"6,104"
108/06/20,"3,918,917","336,584,162",85.6,86.7,85.2,85.9,0,"2,782"
108/06/21,"3,022,017","260,180,445",86.4,87,85.2,85.3,-0.6,"2,155"
108/06/24,"1,457,870","124,099,292",85.3,85.8,84.2,85,-0.3,"1,154"
108/06/25,"3,600,998","303,154,927",85.3,86,83.2,83.3,-1.7,"2,448"
108/06/26,"2,213,445","185,177,704",83,84.2,82.9,83.3,0,"1,670"
108/06/27,"2,427,743","206,621,247",84.1,85.8,84,85.2,1.9,"1,698"
108/06/28,"3,581,458","308,218,713",85.9,86.8,85.3,86.2,1,"2,420"
108/07/01,"10,716,926","965,864,372",89.5,91.3,88.8,90.7,4.5,"6,307"
108/07/02,"4,336,395","394,513,758",90.4,91.8,89.8,90.8,0.1,"3,099"
108/07/03,"3,373,167","304,568,923",90.8,91.1,89.6,90.5,-0.3,"2,230"
108/07/04,"4,094,644","377,143,865",91.3,92.6,91.3,92.4,1.9,"3,266"
108/07/05,"2,046,299","188,160,460",91.6,92.2,91.5,92.2,-0.2,"1,552"
108/07/08,"2,802,069","257,420,656",91.2,92.6,91,91.6,-0.6,"2,202"
108/07/09,"5,337,251","480,405,831",91.2,91.4,89.2,89.8,-1.8,"2,984"
108/07/10,"2,546,805","229,846,107",90.5,90.7,90,90.1,0.3,"1,639"
108/07/11,"4,903,071","449,782,691",90.8,92.3,90.8,91.5,1.4,"3,263"
108/07/12,"2,951,920","271,890,040",92,92.5,91.7,92,0.5,"1,811"
108/07/15,"5,321,092","499,799,148",92.8,94.7,92.8,94.1,2.1,"3,252"
108/07/16,"3,520,966","333,109,587",94.5,95,94.1,94.5,0.4,"2,177"
108/07/17,"2,299,287","217,761,321",94.7,95,93.8,94.9,0.4,"1,714"
108/07/18,"2,453,242","230,300,496",94.9,95.4,93,93.2,-1.7,"1,599"
108/07/19,"2,481,241","232,867,078",94.2,94.8,93.3,93.3,0.1,"1,690"
108/07/22,"2,181,667","205,794,492",93.7,95,93.6,94.6,1.3,"1,567"
108/07/23,"1,927,514","181,964,519",95,95.2,93.9,94.6,0,"1,440"
108/07/24,"2,267,042","213,686,451",95,95,93.8,94.1,-0.5,"1,341"
108/07/25,"5,476,231","522,536,215",94.3,95.9,94.3,95.8,1.7,"3,199"
108/07/26,"6,943,256","666,206,160",96,96.5,95.3,96.4,0.6,"4,009"
108/07/29,"6,536,773","592,545,013",91.5,91.6,89.6,90,0,"4,063"
108/07/30,"5,325,597","468,036,133",89.4,90.4,86.5,87,-3,"3,741"
108/07/31,"25,582,437","2,407,237,405",91,95.7,91,95.7,8.7,"14,266"
108/08/01,"22,533,303","2,178,417,775",96.5,98,95.4,95.9,0.2,"12,688"
108/08/02,"10,163,743","933,955,898",92,92.9,91,91,-4.9,"6,344"
108/08/05,"6,259,393","572,273,621",91,92.7,90.1,90.2,-0.8,"4,508"
108/08/06,"5,821,486","523,955,216",88.1,91.7,87,91,0.8,"4,127"
108/08/07,"8,938,832","829,333,222",93.2,94.1,91.2,91.5,0.5,"5,438"
108/08/08,"4,924,538","455,466,380",91.7,93.2,91.7,92.9,1.4,"2,951"
108/08/12,"7,942,857","751,011,901",93.6,95.2,93.3,94.3,1.4,"4,389"
108/08/13,"3,486,088","325,222,486",93.4,94,92.7,93.5,-0.8,"2,450"
108/08/14,"7,921,452","756,655,491",96,96.6,93.5,93.5,0,"4,917"
108/08/15,"3,575,658","332,821,978",91.7,94.3,91.7,93.5,0,"2,485"
108/08/16,"4,149,156","391,364,681",94.7,95.2,93.2,93.7,0.2,"2,330"
108/08/19,"3,853,608","366,591,572",95,95.9,94.6,94.7,1,"2,686"
108/08/20,"8,052,629","772,532,335",95.9,97.3,94.5,94.5,-0.2,"4,901"
108/08/21,"2,316,648","219,841,880",94.5,95.5,94.5,94.9,0.4,"1,645"
108/08/22,"7,203,265","693,917,251",95.9,97.4,95.2,96,1.1,"4,941"
108/08/23,"7,456,184","722,411,362",96.5,97.7,95.6,97.7,1.7,"4,713"
108/08/26,"7,601,328","717,430,492",94.6,95.7,93.6,94,-3.7,"4,963"
108/08/27,"5,975,233","566,138,036",95.8,96.2,93.5,93.5,-0.5,"3,583"
108/08/28,"3,056,556","285,243,908",93.6,94.3,92.8,92.9,-0.6,"2,232"
108/08/29,"2,277,636","211,523,605",93.5,93.8,92.5,93,0.1,"1,460"
108/08/30,"2,267,506","212,475,647",93.8,94.3,93,93.8,0.8,"1,690"
108/09/02,"2,014,491","189,606,626",93.8,95,93.2,94.8,1,"1,459"
108/09/03,"2,483,142","235,056,860",95,95.5,93.9,94.5,-0.3,"1,678"
108/09/04,"2,258,335","214,015,852",94.5,95.4,94.3,94.3,-0.2,"1,329"
108/09/05,"13,242,724","1,287,759,952",95,98.9,94.8,98.5,4.2,"8,156"
108/09/06,"15,124,142","1,500,278,593",99.8,100.5,97.2,99.4,0.9,"9,841"
108/09/09,"8,479,327","821,031,792",98.9,99,95.5,95.7,-3.7,"5,985"
108/09/10,"11,033,311","1,023,750,736",95.7,96,91.4,93.2,-2.5,"7,325"
108/09/11,"4,330,377","403,570,526",93.9,94.2,92.6,93,-0.2,"3,114"
108/09/12,"4,578,213","432,689,235",94.5,95.2,93.8,95,2,"2,892"
108/09/16,"1,930,813","182,505,289",94.9,95.6,93.9,94.1,-0.9,"1,365"
108/09/17,"8,406,062","812,816,414",94.6,97.5,94.4,97.2,3.1,"5,552"
108/09/18,"5,777,607","560,938,402",97.8,98.2,96.2,96.4,-0.8,"3,890"
108/09/19,"5,504,060","537,162,726",96.6,98.5,96.6,97.3,0.9,"3,672"
108/09/20,"3,306,516","322,362,698",98.3,98.4,96.9,96.9,-0.4,"2,023"
108/09/23,"2,224,176","216,470,572",97.2,97.9,96.5,97,0.1,"1,433"
108/09/24,"9,169,139","899,090,944",98,99.8,95.7,95.7,-1.3,"5,854"
108/09/25,"2,908,348","277,921,060",95.5,96.5,94.7,95.7,0,"1,887"
108/09/26,"1,699,676","163,069,196",96.7,96.8,95.2,96,0.3,"1,136"
108/09/27,"3,019,350","286,111,864",96,96.5,94,94.4,-1.6,"2,045"
108/10/01,"3,693,616","356,900,614",95.7,97.5,95.2,96.5,2.1,"2,391"
108/10/02,"2,407,694","232,061,965",96,97.3,95.6,96.7,0.2,"1,784"
108/10/03,"8,338,929","780,786,855",93.1,95,92.8,95,-1.7,"5,314"
108/10/04,"8,518,013","793,778,296",94,94.5,92.5,92.7,-2.3,"6,160"
108/10/07,"3,387,918","318,441,792",93.2,94.5,93.2,93.7,1,"2,265"
108/10/08,"4,275,620","400,182,660",94.9,95,92.6,92.6,-1.1,"2,862"
108/10/09,"2,846,605","261,847,160",92.1,92.6,91.8,91.8,-0.8,"2,019"
108/10/14,"3,701,006","347,698,845",93.6,94.7,93.3,93.6,1.8,"2,307"
108/10/15,"3,754,589","355,634,092",94.5,95.3,93.8,94.5,0.9,"2,530"
108/10/16,"5,407,533","514,801,762",96,96.4,94.1,94.5,0,"3,915"
108/10/17,"2,276,008","215,416,660",95.4,95.4,94.1,94.8,0.3,"1,742"
108/10/18,"4,405,291","421,486,514",95.3,96.2,94.9,95.6,0.8,"2,182"
108/10/21,"4,353,059","420,092,010",96.2,97.4,95.6,96.9,1.3,"3,124"
108/10/22,"4,390,377","424,852,231",97.7,97.7,95.8,97.3,0.4,"2,947"
108/10/23,"4,593,505","446,936,685",97.5,98,96.8,97,-0.3,"3,119"
108/10/24,"5,490,383","526,455,133",96.5,97,95.1,96.2,-0.8,"3,709"
108/10/25,"2,837,336","272,330,180",96.2,96.8,95.4,95.5,-0.7,"1,800"
108/10/28,"9,601,430","939,279,940",95.9,98.7,95.9,98.2,2.7,"6,412"
108/10/29,"10,606,710","1,043,071,086",99.8,100.5,95.9,96.9,-1.3,"6,234"
108/10/30,"33,317,764","3,411,513,256",97.9,106,97.8,105,8.1,"18,334"
108/10/31,"58,892,388","6,560,360,434",109.5,114,108.5,110,5,"28,115"
108/11/01,"32,464,190","3,663,064,470",113,114.5,111,113.5,3.5,"16,014"
108/11/04,"15,412,351","1,761,624,158",114,115.5,112.5,115,1.5,"9,367"
108/11/05,"8,390,644","961,250,416",115,115.5,113,114.5,-0.5,"5,002"
108/11/06,"9,600,037","1,077,714,644",113.5,114.5,111,112,-2.5,"5,204"
108/11/07,"11,745,593","1,291,953,823",112,113,107.5,111.5,-0.5,"6,305"
108/11/08,"7,478,795","820,363,950",111,112.5,108,109.5,-2,"4,431"
108/11/11,"8,295,518","911,685,944",110.5,111.5,108,108,-1.5,"4,625"
108/11/12,"13,215,753","1,463,700,190",109,113,107.5,110.5,2.5,"7,119"
108/11/13,"8,433,565","935,411,585",109,113.5,108.5,109,-1.5,"4,607"
108/11/14,"5,017,309","548,183,181",110,110.5,108,109.5,0.5,"3,098"
108/11/15,"6,229,704","692,496,778",110.5,112,110,110.5,1,"3,351"
108/11/18,"6,614,394","744,637,317",112,113.5,111,112.5,2,"4,246"
108/11/19,"18,186,606","2,098,353,190",113.5,117.5,113,115.5,3,"10,362"
108/11/20,"12,063,772","1,401,069,508",116,117.5,114,114.5,-1,"6,816"
108/11/21,"10,510,393","1,214,361,874",114.5,117,113.5,115.5,1,"5,695"
108/11/22,"3,313,197","380,615,958",116,116.5,114,114,-1.5,"2,080"
108/11/25,"10,777,089","1,255,010,146",116.5,118.5,114,114,0,"6,089"
108/11/26,"4,707,944","541,276,116",115,115.5,114,115,1,"2,416"
108/11/27,"3,503,121","405,135,349",117,117,114.5,115,0,"2,388"
108/11/28,"8,335,692","963,396,580",116,117.5,113.5,115,0,"4,190"
108/11/29,"4,459,738","499,732,575",116,116,113,113,-2,"2,240"
108/12/02,"9,054,447","992,957,223",113.5,114.5,107.5,109.5,-3.5,"5,176"
108/12/03,"9,076,008","985,766,780",110.5,112,108,108.5,-1,"4,888"
108/12/04,"3,424,420","373,112,700",109,110,108,109.5,1,"2,102"
108/12/05,"7,007,509","769,463,981",110,111.5,108,108.5,-1,"3,460"
108/12/06,"5,672,869","612,324,778",108,109.5,106.5,108.5,0,"3,115"
108/12/09,"5,383,907","591,034,270",107.5,111,107.5,110,1.5,"2,820"
108/12/10,"3,190,759","352,407,249",110,111,109,111,1,"1,739"
108/12/11,"4,031,580","444,801,582",110.5,111.5,109.5,110.5,-0.5,"2,239"
108/12/12,"3,487,320","384,673,855",111,111,109,110.5,0,"1,924"
108/12/13,"4,220,756","460,757,648",111,111.5,108,108,-2.5,"2,317"
108/12/16,"13,369,311","1,508,667,643",111,114.5,110.5,113,5,"7,302"
108/12/17,"7,828,174","897,675,908",114,115.5,114,114.5,1.5,"4,711"
108/12/18,"3,485,304","399,471,298",115.5,115.5,114,114.5,0,"2,445"
108/12/19,"4,230,992","476,145,590",114,114.5,111.5,112.5,-2,"2,900"
108/12/20,"2,062,704","231,290,848",112.5,113.5,111.5,112,-0.5,"1,434"
108/12/23,"1,268,457","141,489,450",111,112,111,111.5,-0.5,881
108/12/24,"2,601,672","291,909,764",112,113.5,111,112,0.5,"1,480"
108/12/25,"2,162,454","242,176,568",111.5,113,111,112.5,0.5,"1,314"
108/12/26,"1,753,597","196,453,060",112.5,113,111.5,111.5,-1,"1,270"
108/12/27,"2,268,722","255,609,218",111.5,113.5,111.5,113,1.5,"1,307"
108/12/30,"4,589,384","508,074,421",113.5,113.5,109.5,110.5,-2.5,"2,899"
108/12/31,"6,357,295","720,315,266",111.5,114.5,111,114.5,4,"3,813"
109/01/02,"28,506,427","3,489,464,948",116.5,125.5,116.5,124,9.5,"16,238"
109/01/03,"22,723,904","2,825,883,192",125,127.5,120.5,123,-1,"13,682"
109/01/06,"6,847,060","826,924,224",122.5,123,119,120.5,-2.5,"4,163"
109/01/07,"14,779,812","1,745,339,504",123,124.5,114.5,116.5,-4,"8,901"
109/01/08,"6,691,300","762,353,543",115,115.5,112,113.5,-3,"4,061"
109/01/09,"5,598,836","643,465,214",115,116,114,114,0.5,"3,284"
109/01/10,"7,381,367","846,523,716",114.5,117.5,114,115.5,1.5,"3,621"
109/01/13,"9,105,759","1,078,824,803",117.5,120.5,116.5,117,1.5,"5,157"
109/01/14,"4,547,422","537,712,796",118,120,116.5,118,1,"3,131"
109/01/15,"4,522,012","526,058,892",117.5,118,115,116,-2,"3,023"
109/01/16,"2,669,074","310,545,113",116.5,118,115,116.5,0.5,"1,803"
109/01/17,"3,440,085","404,828,980",117.5,118.5,117,117.5,1,"2,351"
109/01/20,"9,520,076","1,142,705,044",118.5,122,118,118.5,1,"5,408"
109/01/30,"11,463,804","1,261,182,832",113,113,107,108,-10.5,"5,835"
109/01/31,"8,386,374","903,015,018",109.5,111.5,104.5,106,-2,"4,862"
109/02/03,"8,659,348","890,561,484",99.5,107.5,97.9,107.5,1.5,"4,900"
109/02/04,"7,194,412","786,337,908",108,111.5,107,109,1.5,"4,339"
109/02/05,"4,665,880","508,434,093",109.5,110.5,107,107.5,-1.5,"3,007"
109/02/06,"2,697,325","293,741,080",109.5,110,108,109.5,2,"1,869"
109/02/07,"3,157,289","342,587,712",109.5,110,107.5,108,-1.5,"1,994"
109/02/10,"5,045,790","529,589,530",104.5,108,102.5,107,-1,"3,378"
109/02/11,"6,128,429","674,922,119",108.5,112,108,111.5,4.5,"3,737"
109/02/12,"28,223,668","3,444,460,800",122.5,122.5,120,122.5,11,"11,255"
109/02/13,"30,753,401","3,823,696,422",126,126.5,122,122,-0.5,"14,414"
109/02/14,"12,918,932","1,598,752,587",123.5,125,122,123.5,1.5,"6,517"
109/02/17,"7,717,442","944,962,510",122,124.5,120.5,124.5,1,"4,817"
109/02/18,"12,634,101","1,522,717,120",124.5,124.5,118,118.5,-6,"7,223"
109/02/19,"11,891,637","1,415,811,471",120,121.5,118,119,0.5,"5,376"
109/02/20,"6,635,092","800,964,663",120.5,122,119,121.5,2.5,"3,824"
109/02/21,"3,529,752","425,591,240",121.5,122,119.5,120,-1.5,"2,117"
109/02/24,"4,159,978","483,104,284",118,119,117,118,-2,"2,124"
109/02/25,"4,679,917","550,473,145",116,119,115.5,119,1,"2,417"
109/02/26,"3,940,584","463,151,828",117.5,119,116.5,116.5,-2.5,"2,156"
109/02/27,"5,981,588","681,806,316",117,117.5,112,113.5,-3,"3,653"
109/03/02,"5,311,681","597,011,134",108.5,115,108.5,114,0.5,"3,060"
109/03/03,"6,833,514","809,493,877",117.5,120,117,117.5,3.5,"4,203"
109/03/04,"4,289,301","496,773,357",117.5,117.5,114.5,116,-1.5,"2,832"
109/03/05,"4,912,864","582,420,316",118,119.5,117,119.5,3.5,"3,139"
109/03/06,"3,463,548","407,535,712",119,119,117,117,-2.5,"2,066"
109/03/09,"5,866,115","662,123,495",115.5,115.5,111,111.5,-5.5,"3,632"
109/03/10,"6,726,338","749,681,694",108,114.5,107.5,113.5,2,"3,358"
109/03/11,"5,782,845","664,557,985",115,116.5,113,113,-0.5,"3,402"
109/03/12,"11,017,163","1,161,875,952",111,111,102,103.5,-9.5,"6,823"
109/03/13,"12,599,571","1,192,016,158",94,99.5,93.2,97.8,-5.7,"7,288"
109/03/16,"6,594,977","638,322,624",96.8,99.6,94,94,-3.8,"4,174"
109/03/17,"9,481,557","864,131,031",90,94,89.7,89.8,-4.2,"5,825"
109/03/18,"6,239,041","562,066,939",91.8,91.9,87,87,-2.8,"3,775"
109/03/19,"10,050,924","823,565,224",85.1,86.2,78.8,79.5,-7.5,"6,228"
109/03/20,"6,441,778","559,890,878",86.8,87.4,85.3,87.2,7.7,"4,045"
109/03/23,"4,623,534","386,951,539",82.5,85.4,81.9,83.7,-3.5,"2,308"
109/03/24,"5,508,541","497,670,372",89.6,91.7,88.7,91,7.3,"3,861"
109/03/25,"6,946,244","664,834,348",94.8,97.3,93.7,94.3,3.3,"4,697"
109/03/26,"4,879,467","464,090,958",94.3,96.8,92.4,96.5,2.2,"3,364"
109/03/27,"5,779,509","566,024,750",99,99.7,95.5,95.5,-1,"3,772"
109/03/30,"3,192,309","305,159,674",93,96.7,92.9,96.2,0.7,"2,159"
109/03/31,"6,655,172","635,413,641",97.2,97.5,94,95.4,-0.8,"4,398"
109/04/01,"7,435,734","688,595,427",93,93.8,91.5,93,-2.4,"5,400"
109/04/06,"5,978,671","544,470,018",92.6,93.6,90,91.1,-1.9,"4,177"
109/04/07,"9,557,756","897,879,064",92.6,95.6,92.1,95.6,4.5,"5,504"
109/04/08,"13,042,236","1,293,861,200",96.7,104,96,100,4.4,"8,664"
109/04/09,"6,677,696","662,348,078",101,102.5,97.7,98,-2,"4,612"
109/04/10,"4,778,474","465,840,387",98.3,98.8,96,98.2,0.2,"3,374"
109/04/13,"2,764,606","272,183,901",97.7,99.7,96.5,97.8,-0.4,"1,797"
109/04/14,"5,386,068","541,691,286",99,102,98.3,101.5,3.7,"3,659"
109/04/15,"4,647,424","476,263,451",103,103.5,101,102.5,1,"3,133"
109/04/16,"3,917,281","401,858,443",100.5,103.5,100.5,103,0.5,"2,379"
109/04/17,"5,513,913","575,265,039",105,106,102,103,0,"3,385"
109/04/20,"1,992,250","205,689,850",103.5,104,102,103.5,0.5,"1,430"
109/04/21,"4,785,237","488,860,437",103.5,104.5,100.5,101,-2.5,"2,697"
109/04/22,"2,877,581","289,054,366",100,102,98.5,101,0,"1,769"
109/04/23,"6,622,911","690,238,566",102,106,102,106,5,"3,934"
109/04/24,"4,022,483","421,175,953",105,106,103,105.5,-0.5,"2,673"
109/04/27,"10,423,358","1,136,440,380",108,111,107,110.5,5,"5,684"
109/04/28,"9,512,739","1,044,936,393",109.5,112,107,112,1.5,"5,070"
109/04/29,"19,931,648","2,151,507,452",108,109.5,105.5,108.5,-3.5,"12,154"
109/04/30,"10,324,509","1,119,802,219",109,110,107,108.5,0,"5,843"
109/05/04,"6,617,030","701,401,657",105,108.5,104,105.5,-3,"4,398"
109/05/05,"8,223,462","875,397,736",106.5,108.5,105,105.5,0,"4,377"
109/05/06,"5,165,026","547,657,764",106.5,107,105,106.5,1,"3,456"
109/05/07,"8,059,267","876,986,603",106.5,110,106.5,109,2.5,"4,678"
109/05/08,"7,256,302","792,739,418",110.5,111,108,108,-1,"4,963"
109/05/11,"8,026,392","884,043,620",109.5,111.5,108.5,110,2,"5,293"
109/05/12,"5,392,016","593,111,760",110.5,111.5,108,109,-1,"3,505"
109/05/13,"6,050,074","649,620,992",108,109,106.5,107,-2,"4,101"
109/05/14,"4,768,266","505,974,282",106.5,108.5,104.5,104.5,-2.5,"3,523"
109/05/15,"6,667,354","690,793,133",106,107,101.5,103.5,-1,"4,002"
109/05/18,"5,609,383","569,440,683",103,104,100.5,100.5,-3,"3,077"
109/05/19,"3,664,363","373,801,702",103,103.5,101,101.5,1,"1,919"
109/05/20,"3,422,910","349,474,320",102.5,103.5,101.5,101.5,0,"1,992"
109/05/21,"5,275,994","551,489,864",102.5,106,102.5,105.5,4,"2,782"
109/05/22,"5,591,573","587,215,375",105.5,106.5,103.5,103.5,-2,"2,930"
109/05/25,"2,975,187","312,101,909",104.5,106,102.5,106,2.5,"1,743"
109/05/26,"6,395,423","688,991,684",106.5,109,106,108,2,"3,857"
109/05/27,"4,286,369","463,456,852",108,109,107,107.5,-0.5,"2,565"
109/05/28,"3,200,682","344,335,974",108,108.5,106.5,106.5,-1,"1,936"
109/05/29,"3,287,202","354,421,316",106.5,108.5,106.5,108.5,2,"2,106"
109/06/01,"8,627,761","957,758,339",110,112.5,109,111.5,3,"5,311"
109/06/02,"7,968,156","900,876,543",113.5,114,111.5,113,1.5,"4,769"
109/06/03,"11,611,048","1,336,065,520",115.5,116.5,113,115.5,2.5,"7,583"
109/06/04,"13,027,902","1,539,150,971",116.5,120,116,118,2.5,"7,190"
109/06/05,"9,355,550","1,112,289,617",118.5,121,117,118,0,"5,078"
109/06/08,"4,770,960","567,774,740",119,120,117.5,120,2,"2,976"
109/06/09,"8,184,617","977,740,189",122,123,117,117,-3,"5,171"
109/06/10,"5,605,044","656,439,692",117,118.5,115.5,118,1,"3,649"
109/06/11,"4,999,148","578,062,372",116,117.5,114,114,-4,"2,928"
109/06/12,"4,811,408","540,887,713",110,114.5,109.5,114.5,0.5,"2,730"
109/06/15,"2,649,060","301,526,720",114,114.5,113,113,-1.5,"1,650"
109/06/16,"3,445,297","399,165,452",117,117,115,116,3,"2,153"
109/06/17,"4,433,640","506,676,271",116,116,113.5,114.5,-1.5,"3,020"
109/06/18,"5,577,242","652,134,056",115,118.5,114,118,3.5,"3,151"
109/06/19,"7,197,835","856,880,777",119.5,120,116.5,120,2,"3,959"
109/06/22,"3,705,225","441,480,156",120.5,121,118,119,-1,"2,363"
109/06/23,"3,064,315","361,592,170",119,119.5,116.5,118,-1,"1,633"
109/06/24,"5,043,076","604,682,120",118.5,121,118.5,120.5,2.5,"2,721"
109/06/29,"4,044,912","479,650,616",119,120,117.5,118.5,-2,"2,005"
109/06/30,"4,599,174","556,072,625",121,122,119,121.5,3,"2,674"
109/07/01,"17,325,546","2,208,636,994",123,132,122.5,126,4.5,"9,943"
109/07/02,"10,077,108","1,292,866,456",126.5,130,125,129.5,3.5,"5,702"
109/07/03,"19,143,473","2,578,218,328",133,138.5,131,136,6.5,"10,885"
109/07/06,"12,709,709","1,781,943,085",138,143,137,141.5,5.5,"7,360"
109/07/07,"11,618,830","1,595,990,380",140,141.5,135,136,-5.5,"7,026"
109/07/08,"8,519,362","1,178,587,956",136,140.5,136,139,3,"4,967"
109/07/09,"15,635,613","2,245,544,006",139.5,147,139,143.5,4.5,"8,465"
109/07/10,"6,878,116","964,842,609",143.5,145,137.5,139.5,-4,"4,576"
109/07/13,"4,415,267","618,290,880",141.5,143,139,140,0.5,"3,222"
109/07/14,"8,764,152","1,218,685,744",140,144.5,138,140,0,"4,912"
109/07/15,"8,438,872","1,213,092,824",143,146.5,141,142.5,2.5,"5,618"
109/07/16,"7,393,921","1,043,158,286",143,145,139.5,141.5,-1,"4,401"
109/07/17,"4,412,026","621,573,164",142.5,143.5,139.5,141.5,0,"2,582"
109/07/20,"3,974,392","566,995,556",144,144,140,143.5,2,"2,716"
109/07/21,"9,241,409","1,352,172,805",145,149,144,145.5,2,"6,034"
109/07/22,"3,044,273","441,492,585",144.5,146,143.5,146,0.5,"1,957"
109/07/23,"9,514,465","1,419,909,285",146,151.5,145,149.5,3.5,"6,589"
109/07/24,"6,983,987","1,025,544,106",148.5,150.5,143.5,144.5,-5,"4,729"
109/07/27,"5,718,036","843,046,820",146,150,144,148.5,4,"3,634"
109/07/28,"7,513,352","1,117,308,596",150.5,151,146,149,0.5,"4,463"
109/07/29,"8,607,260","1,294,341,000",151.5,153,148.5,150,1,"5,531"
109/07/30,"20,150,003","2,763,575,399",133,143,131,137,0,"11,921"
109/07/31,"9,579,680","1,348,746,060",137,142.5,137,141.5,4.5,"6,510"
109/08/03,"6,540,087","901,999,419",141.5,142.5,136,136,-5.5,"4,654"
109/08/04,"5,840,411","796,712,629",138,139,134,138.5,2.5,"4,367"
109/08/05,"3,492,083","484,216,537",138.5,140,137.5,138.5,0,"2,510"
109/08/06,"5,883,847","804,410,039",139.5,140,135,136,-2.5,"3,550"
109/08/07,"6,633,896","915,854,044",137,139.5,136.5,138.5,2.5,"4,282"
109/08/10,"5,175,238","698,023,130",138,138,133,133.5,-5,"3,385"
109/08/11,"6,368,894","867,364,478",133.5,137.5,133,137.5,4,"3,698"
109/08/12,"3,212,687","441,349,140",136,139,135,138.5,1,"2,274"
109/08/13,"3,764,111","511,317,207",139,139.5,134,135.5,-3,"2,449"
109/08/14,"1,681,846","229,323,816",135.5,138,134,137.5,2,"1,104"
109/08/17,"1,854,683","252,999,388",138,138.5,135,135.5,-2,"1,335"
109/08/18,"3,354,890","448,796,807",136.5,137,132,133,-2.5,"2,299"
109/08/19,"4,105,571","541,657,546",133.5,134,131,131,-2,"2,487"
109/08/20,"9,359,223","1,152,479,807",131,131,119.5,121.5,-9.5,"6,004"
109/08/21,"5,392,494","680,421,744",125,129.5,124.5,126,4.5,"3,678"
109/08/24,"3,623,782","464,468,476",128.5,130.5,126.5,128.5,2.5,"2,166"
109/08/25,"3,068,109","397,812,561",130,131.5,128.5,129.5,1,"1,586"
109/08/26,"2,127,858","275,395,607",129.5,130,128.5,129.5,0,825
109/08/27,"1,863,870","237,648,990",129.5,130,126.5,126.5,-3,"1,390"
109/08/28,"1,026,679","130,159,233",126,128,125,127,0.5,830
109/08/31,"2,283,388","290,652,776",128,130,125.5,126,-1,"1,364"
109/09/01,"4,042,629","494,683,409",126.5,128.5,123.5,128,2,"2,088"
109/09/02,"3,944,843","503,021,162",129,129,126,127.5,-0.5,"2,245"
109/09/03,"3,522,492","448,798,476",129,129.5,126,127.5,0,"2,260"
109/09/04,"3,251,476","404,383,476",124.5,125.5,123.5,125,-2.5,"2,235"
109/09/07,"2,382,769","292,801,587",125,126,122,122,-3,"1,814"
109/09/08,"4,345,927","522,069,698",122.5,123,119,119.5,-2.5,"3,152"
109/09/09,"3,479,878","414,013,048",118,122.5,117.5,122.5,3,"1,864"
109/09/10,"2,766,426","335,932,829",123,125,119,119.5,-3,"1,991"
109/09/11,"2,561,931","304,953,113",120,121,117,121,1.5,"1,452"
109/09/14,"3,553,271","438,260,732",122,125,120.5,124.5,3.5,"2,131"
109/09/15,"5,293,289","674,379,492",124.5,129,124,128,3.5,"3,139"
109/09/16,"4,449,333","572,970,952",130,131,126,127,-1,"2,783"
109/09/17,"1,496,174","188,683,424",126.5,127.5,125,126,-1,"1,121"
109/09/18,"1,244,389","157,418,903",126,127.5,125,127.5,1.5,906
109/09/21,"1,179,252","148,526,500",128,128,125,125,-2.5,896
109/09/22,"2,173,465","265,535,410",124.5,126.5,122,124.5,-0.5,"1,117"
109/09/23,"2,626,761","327,041,364",125.5,126,122.5,124.5,0,"1,325"
109/09/24,"2,631,607","323,691,768",123,124,122,123,-1.5,"1,426"
109/09/25,"3,094,393","372,039,660",123.5,124,118,119.5,-3.5,"1,848"
109/09/28,"1,094,810","132,687,510",121.5,122.5,119.5,121.5,2,814
109/09/29,"739,056","90,085,302",123,123,121,121.5,0,469
109/09/30,"1,191,546","144,078,612",121.5,122,119.5,121.5,0,762
109/10/05,"1,144,913","138,610,973",121,123,120,120.5,-1,825
109/10/06,"2,681,785","331,716,340",121.5,125,121.5,124,3.5,"1,723"
109/10/07,"1,520,140","188,374,000",124,124.5,123,124.5,0.5,"1,093"
109/10/08,"2,158,532","269,412,730",126,126,124,124.5,0,"1,306"
109/10/12,"3,054,028","362,428,213",125.5,125.5,122,122,-2.5,"1,274"
109/10/13,"4,170,054","518,433,250",122,125.5,122,125,3,"2,198"
109/10/14,"7,584,438","917,857,936",124,124,120,120.5,-4.5,"5,224"
109/10/15,"3,408,135","407,464,700",120,121,118.5,119.5,-1,"2,135"
109/10/16,"2,253,239","270,266,180",119.5,121,119,119.5,0,"1,423"
109/10/19,"6,363,882","784,734,368",120,124.5,119.5,124,4.5,"3,860"
109/10/20,"2,546,242","315,382,008",123.5,125,123,123.5,-0.5,"1,716"
109/10/21,"2,452,176","302,630,218",123.5,125,122.5,123,-0.5,"1,523"
109/10/22,"4,118,970","499,103,380",123,124,119.5,120,-3,"2,456"
109/10/23,"2,713,154","329,938,788",121,123,120,122,2,"1,615"
109/10/26,"2,431,619","295,372,479",122,122.5,120.5,122,0,"1,396"
109/10/27,"2,530,381","308,475,352",121,123.5,120.5,122.5,0.5,"1,693"
109/10/28,"2,817,440","342,861,140",122.5,123,120.5,121.5,-1,"1,758"
109/10/29,"2,190,610","263,680,824",119,122,118.5,122,0.5,"1,503"
109/10/30,"10,077,561","1,185,229,809",118,119,116,116.5,-5.5,"5,958"
109/11/02,"4,010,202","456,196,756",116.5,117,112.5,113,-3.5,"2,661"
109/11/03,"1,959,075","224,866,874",114.5,116,113.5,114.5,1.5,"1,334"
109/11/04,"1,554,560","180,022,890",115.5,117,114.5,116,1.5,"1,016"
109/11/05,"2,916,616","335,962,658",116,116.5,114.5,115,-1,"1,223"
109/11/06,"2,963,823","348,600,593",116,118.5,115,118.5,3.5,"2,020"
109/11/09,"2,997,271","356,157,063",119.5,120.5,118,118.5,0,"1,886"
109/11/10,"3,713,762","432,359,351",119,119,115,115.5,-3,"2,280"
109/11/11,"2,227,765","261,781,673",115.5,118.5,115.5,118,2.5,"1,463"
109/11/12,"2,771,828","328,748,158",120,120,118,118.5,0.5,"1,672"
109/11/13,"3,089,190","360,778,406",118,118.5,116,116.5,-2,"1,984"
109/11/16,"3,655,556","433,138,012",117.5,120,117.5,117.5,1,"2,350"
109/11/17,"3,026,431","354,339,660",118,119,116,117,-0.5,"1,999"
109/11/18,"6,227,043","715,487,360",116.5,117,114,114.5,-2.5,"4,311"
109/11/19,"4,917,707","558,979,158",113.5,114.5,113,114,-0.5,"2,752"
109/11/20,"6,124,889","698,430,375",114,116,113,114,0,"3,894"
109/11/23,"2,214,707","253,489,688",114.5,115.5,113.5,114.5,0.5,"1,524"
109/11/24,"4,487,373","520,020,001",115,117,114.5,115.5,1,"3,266"
109/11/25,"2,827,831","329,416,363",116.5,117.5,115.5,116.5,1,"2,016"
109/11/26,"4,081,615","476,930,941",117,118,115.5,117,0.5,"2,522"
109/11/27,"2,840,514","333,056,949",117,118,116,117.5,0.5,"1,726"
109/11/30,"8,885,097","1,065,490,956",118.5,121.5,117.5,120,2.5,"5,217"
109/12/01,"6,085,717","739,501,178",121.5,122.5,119.5,122.5,2.5,"3,937"
109/12/02,"3,446,737","421,433,341",123.5,123.5,121,122.5,0,"2,419"
109/12/03,"3,508,908","429,551,001",123.5,124,121,121.5,-1,"2,355"
109/12/04,"3,652,585","440,970,904",121.5,122,120,121,-0.5,"2,287"
109/12/07,"6,018,481","729,721,973",123,123.5,119.5,121.5,0.5,"3,288"
109/12/08,"6,279,886","775,160,302",123,124.5,122,123.5,2,"4,324"
109/12/09,"4,047,437","497,878,887",124,125,122,122.5,-1,"2,844"
109/12/10,"6,308,039","757,031,813",122,122,119,120,-2.5,"4,435"
109/12/11,"4,953,423","582,959,645",120.5,121,116,117,-3,"3,342"
109/12/14,"1,718,428","200,735,498",117.5,118,115.5,117,0,"1,244"
109/12/15,"3,926,576","449,226,015",117,117,113,113.5,-3.5,"2,629"
109/12/16,"4,078,429","478,202,860",115,118.5,115,118.5,5,"2,316"
109/12/17,"2,032,325","239,915,268",117.5,119,116.5,118,-0.5,"1,342"
109/12/18,"3,831,310","458,950,232",118.5,121,118.5,120,2,"2,350"
109/12/21,"3,166,923","376,860,529",120,120.5,118,119,-1,"1,352"
109/12/22,"3,331,481","393,248,796",119.5,119.5,116,117.5,-1.5,"1,820"
109/12/23,"1,593,916","188,361,568",118.5,119,117,118.5,1,"1,123"
109/12/24,"3,175,852","381,407,010",119.5,121,119,119.5,1,"1,757"
109/12/25,"1,702,270","204,189,962",121,121.5,118.5,119.5,0,"1,226"
109/12/28,"1,530,106","182,643,005",119.5,120,119,119.5,0,"1,148"
109/12/29,"4,668,149","564,483,709",120.5,122.5,120,120,0.5,"3,187"
109/12/30,"1,855,344","224,080,745",121,121.5,120,121,1,"1,352"
109/12/31,"1,383,206","166,964,563",121,121.5,120,121,0,829
110/01/04,"3,681,882","451,410,529",121,124,120.5,123,2,"2,486"
110/01/05,"2,854,509","348,362,129",123,123,121,123,0,"1,912"
110/01/06,"8,773,724","1,087,519,251",124,126,122,122.5,-0.5,"5,810"
110/01/07,"4,747,100","588,058,378",124,125,122.5,124,1.5,"3,096"
110/01/08,"3,929,256","483,481,130",124.5,125,122,122.5,-1.5,"2,645"
110/01/11,"3,215,128","393,678,965",123,123.5,121,122.5,0,"1,845"
110/01/12,"4,559,784","548,978,787",122.5,122.5,119,119,-3.5,"2,956"
110/01/13,"6,700,419","808,280,829",120,122.5,119.5,120,1,"3,428"
110/01/14,"10,477,896","1,289,918,371",120,125,120,124.5,4.5,"6,697"
110/01/15,"9,046,395","1,099,000,617",124.5,125,120,120.5,-4,"5,181"
110/01/18,"3,748,313","445,245,458",119.5,120.5,117,120,-0.5,"2,115"
110/01/19,"3,063,805","363,345,179",120,120.5,118,118.5,-1.5,"2,025"
110/01/20,"6,037,831","697,127,212",118,118.5,113.5,113.5,-5,"3,751"
110/01/21,"10,937,179","1,308,825,432",117.5,122,117,120,6.5,"6,492"
110/01/22,"7,938,507","964,764,063",120,124,119,121,1,"4,746"
110/01/25,"5,117,237","625,807,539",121.5,123.5,120,123,2,"3,084"
110/01/26,"6,211,069","768,926,003",124.5,125.5,121.5,121.5,-1.5,"3,952"
110/01/27,"3,575,268","441,101,910",123,124,122.5,123,1.5,"2,087"
110/01/28,"3,471,558","421,395,124",120,123,120,121.5,-1.5,"2,315"
110/01/29,"3,785,275","455,167,384",121.5,121.5,118.5,119,-2.5,"2,324"
110/02/01,"2,722,578","320,213,318",119,119,115.5,117.5,-1.5,"1,731"
110/02/02,"2,053,266","243,656,446",118.5,120,118,118,0.5,"1,342"
110/02/03,"3,470,976","410,387,474",119,119.5,118,118.5,0.5,830
110/02/04,"3,445,263","416,276,878",118,122.5,117.5,122,3.5,"2,084"
110/02/05,"2,871,944","351,641,796",123,123.5,121.5,122.5,0.5,"1,707"
110/02/17,"5,532,316","686,655,817",125,125,122.5,124.5,2,"3,722"
110/02/18,"7,921,803","986,903,135",125,126,122.5,125,0.5,"4,278"
110/02/19,"20,144,825","2,645,027,437",124,134,124,132,7,"12,359"
110/02/22,"10,806,141","1,401,977,927",131.5,132,128,129.5,-2.5,"7,141"
110/02/23,"6,253,998","798,265,366",128.5,129,126.5,128,-1.5,"4,353"
110/02/24,"6,437,953","827,668,768",129,131,127,127.5,-0.5,"4,242"
110/02/25,"4,112,631","531,127,258",129,131,128,128,0.5,"3,141"
110/02/26,"3,944,461","498,093,407",126,127.5,125.5,126,-2,"2,926"
110/03/02,"3,916,875","491,315,972",127.5,128,123.5,123.5,-2.5,"2,939"
110/03/03,"3,313,273","413,369,829",125,126,123,126,2.5,"2,130"
110/03/04,"3,333,287","414,213,850",126.5,126.5,123,124,-2,"2,064"
110/03/05,"2,185,097","268,801,132",122,124,121,124,0,"1,614"
110/03/08,"2,936,725","361,437,174",124.5,125.5,121.5,122.5,-1.5,"1,991"
110/03/09,"2,948,665","358,059,010",123,123.5,120.5,121,-1.5,"2,210"
110/03/10,"2,115,826","257,512,612",122,123.5,121,121,0,"1,567"
110/03/11,"3,855,021","475,820,126",122,125,121,124,3,"2,495"
110/03/12,"2,143,279","265,306,163",124,125,123,123,-1,"1,557"
110/03/15,"1,345,054","166,887,302",124,125,123.5,124,1,"1,084"
110/03/16,"2,144,248","266,659,143",125,125.5,123.5,124,0,"1,505"
110/03/17,"4,084,105","512,562,642",124,127,124,124.5,0.5,"2,657"
110/03/18,"2,634,857","332,382,702",125.5,127,125.5,126,1.5,"2,040"
110/03/19,"2,360,623","294,522,166",125,126,124,125,-1,"1,679"
110/03/22,"1,906,767","236,882,536",125,125,123.5,124,-1,"1,343"
110/03/23,"1,916,162","239,803,290",125.5,126,124,124.5,0.5,"1,487"
110/03/24,"1,090,474","135,929,178",124.5,125.5,124,124.5,0,976
110/03/25,"2,437,186","301,481,842",124.5,125,123,123,-1.5,"1,509"
110/03/26,"1,252,562","154,707,637",123.5,124,123,123.5,0.5,967
110/03/29,"1,727,949","215,523,557",124,125.5,124,124.5,1,"1,319"
110/03/30,"2,139,061","268,962,622",125,126.5,124.5,125.5,1,"1,494"
110/03/31,"3,607,216","455,934,308",126.5,127,125.5,125.5,0,"2,420"
110/04/01,"3,127,155","393,211,200",127,127.5,124.5,125,-0.5,"1,996"
110/04/06,"2,840,490","354,453,744",126,126.5,124,125.5,0.5,"2,138"
110/04/07,"2,711,770","340,201,884",125,126.5,124,126.5,1,"1,767"
110/04/08,"2,588,544","324,786,318",126,126,125,125.5,-1,"1,918"
110/04/09,"3,157,716","392,859,477",126,126,123.5,124,-1.5,"2,026"
110/04/12,"2,994,907","368,537,015",124.5,125,122,122.5,-1.5,"2,243"
110/04/13,"4,935,479","595,131,859",123.5,123.5,119,119.5,-3,"4,091"
110/04/14,"4,585,205","537,491,567",120,120.5,115,117.5,-2,"3,441"
110/04/15,"3,004,984","353,639,360",118,119,117,118,0.5,"2,265"
110/04/16,"4,574,274","550,537,293",118.5,121.5,118,121.5,3.5,"3,262"
110/04/19,"4,403,829","540,196,063",122,124.5,120.5,124.5,3,"2,707"
110/04/20,"13,110,292","1,665,150,755",126,129.5,125.5,126.5,2,"8,289"
110/04/21,"4,421,520","551,415,862",125.5,126,123.5,124,-2.5,"2,908"
110/04/22,"3,690,955","458,174,144",125,125.5,123,124.5,0.5,"2,416"
110/04/23,"4,353,284","545,906,841",126.5,127,123.5,126,1.5,"2,835"
110/04/26,"4,128,506","523,166,488",127.5,128,125.5,127,1,"2,847"
110/04/27,"2,768,343","347,261,394",127,127,124.5,124.5,-2.5,"1,817"
110/04/28,"6,727,802","821,100,287",125,125.5,120.5,122,-2.5,"5,034"
110/04/29,"8,228,531","981,569,700",121.5,122,118.5,119,-3,"5,796"
110/05/03,"5,752,365","666,285,463",119,119,114.5,114.5,-4.5,"4,357"
110/05/04,"5,881,931","662,344,262",114.5,115.5,110.5,112.5,-2,"3,739"
110/05/05,"3,068,294","346,156,691",114,115,112,112,-0.5,"2,125"
110/05/06,"5,103,587","587,394,581",115.5,117,113.5,114.5,2.5,"2,833"
110/05/07,"3,844,439","448,268,364",116,117.5,115.5,117,2.5,"1,745"
110/05/10,"1,695,819","196,994,280",117.5,117.5,115.5,117,0,919
110/05/11,"4,622,037","537,188,353",115,118,114,115,-2,"2,382"
110/05/12,"6,959,718","772,012,768",115.5,116,104,110.5,-4.5,"4,393"
110/05/13,"3,408,851","373,696,260",108,112,105,112,1.5,"2,254"
110/05/14,"3,462,596","394,934,906",113,116,112,114,2,"1,959"
110/05/17,"5,856,384","644,569,446",108,114,107.5,113.5,-0.5,"2,974"
110/05/18,"2,465,811","282,648,191",114,116,113.5,115,1.5,"1,574"
110/05/19,"2,230,848","257,453,640",116,116,114,116,1,"1,295"
110/05/20,"2,358,922","265,985,423",115.5,116,112.5,113,-3,"1,336"
110/05/21,"1,124,306","127,854,147",114,115.5,113,113,0,727
110/05/24,"1,579,674","181,084,124",112,116,111.5,115.5,2.5,941
110/05/25,"2,592,564","299,334,886",116,117,114,115,-0.5,"1,626"
110/05/26,"1,113,678","128,177,525",115.5,116,114.5,115,0,854
110/05/27,"1,767,632","200,985,133",115,115,113,113,-2,"1,170"
110/05/28,"2,248,109","258,596,764",114.5,115.5,114.5,115.5,2.5,"1,459"
110/05/31,"3,704,929","438,574,624",116.5,120.5,116,119,3.5,"2,727"
110/06/01,"2,714,540","326,687,677",120,121,119.5,120,1,"1,868"
110/06/02,"1,960,559","231,338,331",120,120.5,117,117.5,-2.5,"1,467"
110/06/03,"1,116,063","131,776,583",118,119,117.5,118.5,1,678
110/06/04,"1,951,225","232,876,102",118,120,117.5,119.5,1,"1,613"
110/06/07,"1,387,576","165,459,485",120,120.5,117.5,119.5,0,998
110/06/08,"2,357,938","283,411,118",120,121.5,118.5,118.5,-1,"1,545"
110/06/09,"2,028,364","243,750,976",119,121,118.5,120,1.5,"1,436"
110/06/10,"6,205,261","758,328,202",121,124,120.5,121.5,1.5,"4,001"
110/06/11,"2,738,534","334,097,941",122,123,121,121.5,0,"1,947"
110/06/15,"3,240,657","397,568,958",123,123,122,122.5,1,"2,356"
110/06/16,"5,889,275","725,768,937",123,124,122.5,122.5,0,"3,842"
110/06/17,"5,382,814","657,962,404",122.5,123.5,121,122.5,0,"3,360"
110/06/18,"4,986,632","592,512,481",118.5,119.5,118,119.5,0,"3,257"
110/06/21,"2,986,824","353,036,739",118.5,119.5,117,118,-1.5,"2,397"
110/06/22,"4,346,389","521,511,783",119,121,119,121,3,"3,179"
110/06/23,"22,162,248","2,771,254,526",122,128,119.5,127.5,6.5,"13,442"
110/06/24,"16,880,472","2,182,610,973",129.5,131,127,128.5,1,"10,253"
110/06/25,"25,617,812","3,434,755,424",133,136,131.5,133.5,5,"14,707"
110/06/28,"16,942,893","2,292,737,528",135.5,137.5,133.5,133.5,0,"9,857"
110/06/29,"24,385,307","3,362,431,002",135.5,142,135,136.5,3,"14,698"
110/06/30,"11,202,579","1,525,697,977",138.5,139.5,134,135,-1.5,"7,342"
110/07/01,"8,446,280","1,123,233,973",135,136,131,132.5,-2.5,"5,286"
110/07/02,"8,570,810","1,149,841,471",135,136,132.5,133.5,1,"5,045"
110/07/05,"11,503,274","1,580,503,929",136,141,136,137,3.5,"7,915"
110/07/06,"6,391,303","858,581,752",137.5,137.5,132.5,133,-4,"4,632"
110/07/07,"5,915,082","799,634,199",133,136.5,133,136,3,"4,128"
110/07/08,"19,132,251","2,504,975,783",130.5,133,129,130.5,-5.5,"12,440"
110/07/09,"9,704,724","1,254,858,649",128.5,131.5,128,129,-1.5,"5,881"
110/07/12,"10,622,369","1,356,257,870",130,131,124,129.5,0.5,"7,009"
110/07/13,"7,021,253","915,220,737",131,133.5,127.5,128,-1.5,"5,099"
110/07/14,"8,651,974","1,087,874,908",127.5,128,124.5,125,-3,"5,465"
110/07/15,"11,167,759","1,453,594,819",127.5,132,127,132,7,"7,302"
110/07/16,"5,159,187","675,156,661",129.5,132,129,132,0,"3,466"
110/07/19,"6,037,782","795,748,951",131.5,133.5,130.5,132.5,0.5,"3,229"
110/07/20,"5,727,859","736,491,492",130,130,127,127,-5.5,"4,159"
110/07/21,"7,181,836","904,817,722",129.5,130,124,124.5,-2.5,"5,049"
110/07/22,"4,436,653","565,613,356",126,129,125,127.5,3,"3,169"
110/07/23,"3,053,216","389,712,510",128,129.5,126,127,-0.5,"2,126"
110/07/26,"5,487,532","714,061,139",128,132,128,129.5,2.5,"3,474"
110/07/27,"5,055,831","656,693,274",131.5,132,127.5,131.5,2,"3,617"
110/07/28,"9,671,731","1,209,352,445",130.5,130.5,121,125,-6.5,"6,523"
110/07/29,"4,205,665","534,139,460",126.5,128.5,125,127.5,2.5,"2,612"
110/07/30,"12,012,099","1,554,392,481",124,131.5,124,130,2.5,"7,419"
110/08/02,"6,381,568","843,943,204",132,134,130.5,132.5,2.5,"4,621"
110/08/03,"9,949,736","1,321,028,144",133,137,130,131.5,-1,"7,311"
110/08/04,"5,265,515","686,624,074",131.5,133,129,129.5,-2,"4,020"
110/08/05,"6,115,480","774,140,873",128.5,129,125.5,126.5,-3,"4,534"
110/08/06,"2,591,883","327,300,506",126,128,125,126.5,0,"1,920"
110/08/09,"1,935,480","244,596,059",127,127.5,125,125.5,-1,"1,424"
110/08/10,"9,170,433","1,115,404,588",125.5,126,118.5,122.5,-3,"6,057"
110/08/11,"6,693,270","815,708,811",123,124.5,119.5,120.5,-2,"3,081"
110/08/12,"3,207,363","393,190,500",122,124,120.5,123,2.5,"1,865"
110/08/13,"4,394,486","527,866,557",123.5,124,118.5,118.5,-4.5,"2,764"
110/08/16,"4,793,322","552,915,745",117,117.5,112.5,116,-2.5,"3,313"
110/08/17,"2,129,448","248,664,120",117.5,119,114.5,114.5,-1.5,"1,605"
110/08/18,"4,332,144","505,600,653",113,119.5,113,118,3.5,"2,880"
110/08/19,"2,558,317","300,278,700",117,119,115.5,116,-2,"1,730"
110/08/20,"2,387,757","274,574,186",116.5,117.5,113.5,114,-2,"1,649"
110/08/23,"2,576,416","300,580,278",116.5,118,114.5,117.5,3.5,"1,634"
110/08/24,"5,151,945","618,087,690",118.5,122.5,118,119,1.5,"3,232"
110/08/25,"2,638,549","318,449,844",119,122,118.5,121.5,2.5,"1,695"
110/08/26,"1,754,991","210,330,666",122,122.5,118.5,119.5,-2,"1,387"
110/08/27,"3,931,645","457,853,224",119,119,115,116,-3.5,"2,661"
110/08/30,"2,812,470","323,022,775",116,116.5,114,115.5,-0.5,"2,084"
110/08/31,"2,369,124","273,911,865",116,117.5,114.5,116,0.5,"1,677"
110/09/01,"3,421,032","405,053,208",118,120,117,119.5,3.5,"2,419"
110/09/02,"3,158,706","376,748,546",120,121,117.5,118,-1.5,"1,885"
110/09/03,"3,935,960","459,575,749",119,119,115.5,118,0,"2,328"
110/09/06,"4,561,869","522,160,190",116.5,116.5,113,113.5,-4.5,"3,155"
110/09/07,"2,322,544","264,106,942",113.5,115,112.5,115,1.5,"1,634"
110/09/08,"4,701,103","525,242,461",113.5,113.5,110.5,111,-4,"3,427"
110/09/09,"2,240,132","247,525,321",110,112,108.5,111.5,0.5,"1,708"
110/09/10,"4,159,228","454,634,717",110.5,112,108,109,-2.5,"3,227"
110/09/13,"4,450,060","477,970,013",109.5,109.5,106.5,107,-2,"2,866"
110/09/14,"2,815,803","301,290,579",108,108.5,106,107,0,"2,245"
110/09/15,"3,789,806","403,235,460",107,107.5,105,106,-1,"2,505"
110/09/16,"2,451,024","265,322,017",107.5,109.5,107,107.5,1.5,"1,950"
110/09/17,"3,692,261","395,534,221",108,108.5,106,107.5,0,"2,197"
110/09/22,"2,449,274","260,465,589",105,108.5,104,106.5,-1,"1,658"
110/09/23,"1,762,148","189,712,899",107.5,108.5,107,108,1.5,"1,280"
110/09/24,"1,525,273","166,301,024",109,109.5,108,109,1,"1,167"
110/09/27,"2,830,527","302,865,336",108.5,108.5,106,106,-3,"1,997"
110/09/28,"7,979,196","810,903,692",104.5,104.5,100,102,-4,"5,348"
110/09/29,"3,471,759","349,182,090",99.9,102.5,99.6,100.5,-1.5,"2,391"
110/09/30,"1,690,398","171,848,407",101,103,100,102.5,2,"1,563"
110/10/01,"5,253,178","519,643,004",101.5,101.5,97.3,97.7,-4.8,"4,128"
110/10/04,"2,528,194","247,110,252",98.9,99.5,96.7,97.3,-0.4,"2,410"
110/10/05,"3,779,602","368,222,651",96.8,99.4,95.1,99.1,1.8,"3,235"
110/10/06,"2,959,565","288,342,959",99.3,99.9,95.8,96,-3.1,"2,701"
110/10/07,"2,332,417","229,347,498",97.5,99.8,97.2,98.5,2.5,"1,886"
110/10/08,"3,067,205","303,516,099",99.7,100.5,98.2,98.5,0,"2,575"
110/10/12,"2,212,746","215,946,873",97.9,99.4,96.1,96.2,-2.3,"1,810"
110/10/13,"3,885,293","365,021,087",97,97.3,92.5,92.7,-3.5,"2,634"
110/10/14,"2,336,365","217,033,676",93.8,94.4,92,92.5,-0.2,"1,789"
110/10/15,"2,921,058","277,861,060",94.1,96.1,94.1,95.8,3.3,"2,206"
110/10/18,"2,900,351","274,262,391",96.3,97.3,93.5,94,-1.8,"3,290"
110/10/19,"2,249,367","213,917,212",94,95.7,93.9,95,1,"1,713"
110/10/20,"3,089,738","290,822,217",95.5,95.6,93.2,93.2,-1.8,"2,630"
110/10/21,"4,788,625","445,606,285",93.3,94.5,92.4,93,-0.2,"3,072"
110/10/22,"2,447,777","227,678,540",93.3,93.7,92.5,92.9,-0.1,"1,571"
110/10/25,"1,988,519","184,909,421",93.2,93.7,92.2,93.2,0.3,"1,259"
110/10/26,"2,622,364","247,732,997",94.1,95.6,93.7,94.1,0.9,"1,827"
110/10/27,"3,375,792","321,940,477",94.1,96.2,93.7,95.7,1.6,"2,509"
110/10/28,"13,431,728","1,325,449,910",98.6,102,97.5,97.7,2,"8,112"
110/10/29,"5,037,964","488,705,734",99,99.1,96.1,96.1,-1.6,"3,846"
